<?xml version="1.0"?>
<metadata xml:lang="nl"><Esri><CreaDate>20100125</CreaDate><CreaTime>15264000</CreaTime><SyncOnce>TRUE</SyncOnce><MetaID>{E306E13B-702D-4958-8AD9-2DBA26866DD4}</MetaID></Esri><MD_Metadata xmlns:gml="http://www.opengis.net/gml" xmlns:xlink="http://www.w3.org/1999/xlink" xmlns:xsi="http://www.w3.org/2001/XMLSchema-instance" xmlns:gco="http://www.isotc211.org/2005/gco" xsi:schemaLocation="http://www.isotc211.org/2005/gmd http://www.isotc211.org/schemas/2005/gmd/metadataEntity.xsd" xmlns="http://www.isotc211.org/2005/gmd"><distributionInfo><MD_Distribution><transferOptions><MD_DigitalTransferOptions><onLine><CI_OnlineResource><linkage><URL>\\nitg\beno projects\005\5\50000\gmk\geotop\werk\afgeleideproducten\mxd\algemeen\Kaartbladen</URL></linkage></CI_OnlineResource></onLine></MD_DigitalTransferOptions></transferOptions></MD_Distribution></distributionInfo></MD_Metadata><idinfo><citation><citeinfo><onlink Sync="TRUE">\\nitg\Projects\a4\j3\p43005\uitlevering\DGM_2007\algemeen\NL_kaartbladen2561</onlink></citeinfo></citation></idinfo><distInfo><distributor><distorTran><onLineSrc><linkage Sync="TRUE">file://\\nitg\Projects\a4\j3\p43005\uitlevering\DGM_2007\algemeen\NL_kaartbladen2561</linkage><protocol Sync="TRUE">Local Area Network</protocol></onLineSrc></distorTran></distributor></distInfo><dataqual><lineage><procstep><procdesc Sync="TRUE">Dataset copied.</procdesc><srcused Sync="TRUE">M:\ReGIS_clipformaties_Limburg&amp;Groningen\NL_kaartbladen2561</srcused><date Sync="TRUE">20071219</date><time Sync="TRUE">10441400</time></procstep><procstep><procdesc Sync="TRUE">Dataset copied.</procdesc><srcused Sync="TRUE">P:\005\5\50000\gmk\dgm\werk\uitlevering\v01r3\algemeen\Kaartbladen</srcused><procdate Sync="TRUE">20100125</procdate><proctime Sync="TRUE">15264000</proctime></procstep></lineage></dataqual></metadata>
