[{"model": "data.project", "pk": 1, "fields": {"name": "Hendrik-Ido-Ambackt", "description": null, "image": "", "logo": "", "theme": "blue"}}, {"model": "data.project", "pk": 2, "fields": {"name": "Hendrik-Ido-Ambacht", "description": null, "image": "", "logo": "", "theme": "blue"}}, {"model": "data.projectlocatie", "pk": 1, "fields": {"project": 1, "name": "003", "description": null, "image": "", "webcam": null, "dashboard": null, "location": "SRID=4326;POINT (4.631539856011242 51.85017670714374)"}}, {"model": "data.projectlocatie", "pk": 2, "fields": {"project": 1, "name": "004", "description": null, "image": "", "webcam": null, "dashboard": null, "location": "SRID=4326;POINT (4.623596976551118 51.8377503326409)"}}, {"model": "data.projectlocatie", "pk": 3, "fields": {"project": 1, "name": "006", "description": null, "image": "", "webcam": null, "dashboard": null, "location": "SRID=4326;POINT (4.62677907835782 51.8460660035792)"}}, {"model": "data.projectlocatie", "pk": 4, "fields": {"project": 1, "name": "008", "description": null, "image": "", "webcam": null, "dashboard": null, "location": "SRID=4326;POINT (4.632627417098837 51.84522030154716)"}}, {"model": "data.projectlocatie", "pk": 5, "fields": {"project": 1, "name": "009", "description": null, "image": "", "webcam": null, "dashboard": null, "location": "SRID=4326;POINT (4.635631179556178 51.84635053143624)"}}, {"model": "data.projectlocatie", "pk": 6, "fields": {"project": 1, "name": "013", "description": null, "image": "", "webcam": null, "dashboard": null, "location": "SRID=4326;POINT (4.622953320172712 51.84137725034162)"}}, {"model": "data.projectlocatie", "pk": 7, "fields": {"project": 1, "name": "016", "description": null, "image": "", "webcam": null, "dashboard": null, "location": "SRID=4326;POINT (4.630063112611587 51.83974663191034)"}}, {"model": "data.projectlocatie", "pk": 8, "fields": {"project": 1, "name": "018", "description": null, "image": "", "webcam": null, "dashboard": null, "location": "SRID=4326;POINT (4.640644208230833 51.85115882765368)"}}, {"model": "data.projectlocatie", "pk": 9, "fields": {"project": 1, "name": "020", "description": null, "image": "", "webcam": null, "dashboard": null, "location": "SRID=4326;POINT (4.64695325862491 51.85179805333647)"}}, {"model": "data.projectlocatie", "pk": 10, "fields": {"project": 1, "name": "021", "description": null, "image": "", "webcam": null, "dashboard": null, "location": "SRID=4326;POINT (4.641474509474577 51.84497791803521)"}}, {"model": "data.projectlocatie", "pk": 11, "fields": {"project": 1, "name": "024", "description": null, "image": "", "webcam": null, "dashboard": null, "location": "SRID=4326;POINT (4.646190014220723 51.84172058395703)"}}, {"model": "data.projectlocatie", "pk": 12, "fields": {"project": 1, "name": "025", "description": null, "image": "", "webcam": null, "dashboard": null, "location": "SRID=4326;POINT (4.657786119309614 51.84103641981692)"}}, {"model": "data.projectlocatie", "pk": 13, "fields": {"project": 1, "name": "026", "description": null, "image": "", "webcam": null, "dashboard": null, "location": "SRID=4326;POINT (4.637846240446017 51.83996336300893)"}}, {"model": "data.projectlocatie", "pk": 14, "fields": {"project": 1, "name": "028", "description": null, "image": "", "webcam": null, "dashboard": null, "location": "SRID=4326;POINT (4.642630329517801 51.8369361346397)"}}, {"model": "data.projectlocatie", "pk": 15, "fields": {"project": 1, "name": "029", "description": null, "image": "", "webcam": null, "dashboard": null, "location": "SRID=4326;POINT (4.636298828894663 51.83616607868505)"}}, {"model": "data.projectlocatie", "pk": 16, "fields": {"project": 1, "name": "032", "description": null, "image": "", "webcam": null, "dashboard": null, "location": "SRID=4326;POINT (4.627830267352231 51.83772450700786)"}}, {"model": "data.projectlocatie", "pk": 17, "fields": {"project": 1, "name": "035", "description": null, "image": "", "webcam": null, "dashboard": null, "location": "SRID=4326;POINT (4.656301542917822 51.83060653193404)"}}, {"model": "data.projectlocatie", "pk": 18, "fields": {"project": 1, "name": "038", "description": null, "image": "", "webcam": null, "dashboard": null, "location": "SRID=4326;POINT (4.634799334930299 51.82708618380019)"}}, {"model": "data.projectlocatie", "pk": 19, "fields": {"project": 1, "name": "039", "description": null, "image": "", "webcam": null, "dashboard": null, "location": "SRID=4326;POINT (4.643934546947321 51.83511947405125)"}}, {"model": "data.projectlocatie", "pk": 20, "fields": {"project": 1, "name": "041", "description": null, "image": "", "webcam": null, "dashboard": null, "location": "SRID=4326;POINT (4.64350223462491 51.85066619267456)"}}, {"model": "data.projectlocatie", "pk": 21, "fields": {"project": 1, "name": "047", "description": null, "image": "", "webcam": null, "dashboard": null, "location": "SRID=4326;POINT (4.649012626746946 51.84778410124989)"}}, {"model": "data.projectlocatie", "pk": 22, "fields": {"project": 1, "name": "048", "description": null, "image": "", "webcam": null, "dashboard": null, "location": "SRID=4326;POINT (4.635275027304304 51.84861381785976)"}}, {"model": "data.projectlocatie", "pk": 23, "fields": {"project": 1, "name": "049", "description": null, "image": "", "webcam": null, "dashboard": null, "location": "SRID=4326;POINT (4.636061766676363 51.84789214677377)"}}, {"model": "data.projectlocatie", "pk": 24, "fields": {"project": 1, "name": "050", "description": null, "image": "", "webcam": null, "dashboard": null, "location": "SRID=4326;POINT (4.629324308839336 51.84267269587164)"}}, {"model": "data.projectlocatie", "pk": 25, "fields": {"project": 1, "name": "051", "description": null, "image": "", "webcam": null, "dashboard": null, "location": "SRID=4326;POINT (4.630945225840207 51.8462347983064)"}}, {"model": "data.projectlocatie", "pk": 26, "fields": {"project": 1, "name": "052", "description": null, "image": "", "webcam": null, "dashboard": null, "location": "SRID=4326;POINT (4.631696753373675 51.84781560234607)"}}, {"model": "data.projectlocatie", "pk": 27, "fields": {"project": 1, "name": "053", "description": null, "image": "", "webcam": null, "dashboard": null, "location": "SRID=4326;POINT (4.649029237366735 51.84969366551346)"}}, {"model": "data.projectlocatie", "pk": 28, "fields": {"project": 1, "name": "055", "description": null, "image": "", "webcam": null, "dashboard": null, "location": "SRID=4326;POINT (4.643487180897509 51.85166563592647)"}}, {"model": "data.projectlocatie", "pk": 29, "fields": {"project": 1, "name": "928", "description": null, "image": "", "webcam": null, "dashboard": null, "location": "SRID=4326;POINT (4.610423676886829 51.84793161267652)"}}, {"model": "data.projectlocatie", "pk": 30, "fields": {"project": 1, "name": "100", "description": null, "image": "", "webcam": null, "dashboard": null, "location": "SRID=4326;POINT (4.652917072710297 51.84900591689193)"}}, {"model": "data.projectlocatie", "pk": 31, "fields": {"project": 1, "name": "101", "description": null, "image": "", "webcam": null, "dashboard": null, "location": "SRID=4326;POINT (4.65292971674627 51.84900486339235)"}}, {"model": "data.projectlocatie", "pk": 32, "fields": {"project": 1, "name": "105", "description": null, "image": "", "webcam": null, "dashboard": null, "location": "SRID=4326;POINT (4.649479444411607 51.83600725056889)"}}, {"model": "data.projectlocatie", "pk": 33, "fields": {"project": 1, "name": "136", "description": null, "image": "", "webcam": null, "dashboard": null, "location": "SRID=4326;POINT (4.646164350416712 51.83118819924579)"}}, {"model": "data.projectlocatie", "pk": 34, "fields": {"project": 1, "name": "102", "description": null, "image": "", "webcam": null, "dashboard": null, "location": "SRID=4326;POINT (4.625883855131414 51.84716019152734)"}}, {"model": "data.projectlocatie", "pk": 35, "fields": {"project": 1, "name": "Meteostation Rotterdam (dagwaarden)", "description": "Meteostation Rotterdam (dagwaarden)", "image": "", "webcam": null, "dashboard": null, "location": "SRID=4326;POINT (4.443702661754834 51.95403734930889)"}}, {"model": "data.projectlocatie", "pk": 36, "fields": {"project": 1, "name": "Neerslagstation Hendrik Ido Ambacht", "description": "Neerslagstation Hendrik Ido Ambacht", "image": "", "webcam": null, "dashboard": null, "location": "SRID=4326;POINT (4.647348766310588 51.82926780610331)"}}, {"model": "data.projectlocatie", "pk": 37, "fields": {"project": 1, "name": "Meteostation Rotterdam (uurwaarden)", "description": "Meteostation Rotterdam (uurwaarden)", "image": "", "webcam": null, "dashboard": null, "location": "SRID=4326;POINT (4.443702661754834 51.95403734930889)"}}, {"model": "data.projectlocatie", "pk": 38, "fields": {"project": 2, "name": "016", "description": null, "image": "", "webcam": null, "dashboard": null, "location": "SRID=4326;POINT (4.630063112611587 51.83974663191034)"}}, {"model": "data.meetlocatie", "pk": 1, "fields": {"projectlocatie": 1, "name": "003/001", "description": null, "image": "", "webcam": null, "location": "SRID=4326;POINT (4.631539856011242 51.85017670714374)"}}, {"model": "data.meetlocatie", "pk": 2, "fields": {"projectlocatie": 2, "name": "004/001", "description": null, "image": "", "webcam": null, "location": "SRID=4326;POINT (4.623596976551118 51.8377503326409)"}}, {"model": "data.meetlocatie", "pk": 3, "fields": {"projectlocatie": 3, "name": "006/001", "description": null, "image": "", "webcam": null, "location": "SRID=4326;POINT (4.62677907835782 51.8460660035792)"}}, {"model": "data.meetlocatie", "pk": 4, "fields": {"projectlocatie": 4, "name": "008/001", "description": null, "image": "", "webcam": null, "location": "SRID=4326;POINT (4.632627417098837 51.84522030154716)"}}, {"model": "data.meetlocatie", "pk": 5, "fields": {"projectlocatie": 5, "name": "009/001", "description": null, "image": "", "webcam": null, "location": "SRID=4326;POINT (4.635631179556178 51.84635053143624)"}}, {"model": "data.meetlocatie", "pk": 6, "fields": {"projectlocatie": 6, "name": "013/001", "description": null, "image": "", "webcam": null, "location": "SRID=4326;POINT (4.622953320172712 51.84137725034162)"}}, {"model": "data.meetlocatie", "pk": 7, "fields": {"projectlocatie": 7, "name": "016/001", "description": null, "image": "", "webcam": null, "location": "SRID=4326;POINT (4.630063112611587 51.83974663191034)"}}, {"model": "data.meetlocatie", "pk": 8, "fields": {"projectlocatie": 8, "name": "018/001", "description": null, "image": "", "webcam": null, "location": "SRID=4326;POINT (4.640644208230833 51.85115882765368)"}}, {"model": "data.meetlocatie", "pk": 9, "fields": {"projectlocatie": 9, "name": "020/001", "description": null, "image": "", "webcam": null, "location": "SRID=4326;POINT (4.64695325862491 51.85179805333647)"}}, {"model": "data.meetlocatie", "pk": 10, "fields": {"projectlocatie": 10, "name": "021/001", "description": null, "image": "", "webcam": null, "location": "SRID=4326;POINT (4.641474509474577 51.84497791803521)"}}, {"model": "data.meetlocatie", "pk": 11, "fields": {"projectlocatie": 11, "name": "024/001", "description": null, "image": "", "webcam": null, "location": "SRID=4326;POINT (4.646190014220723 51.84172058395703)"}}, {"model": "data.meetlocatie", "pk": 12, "fields": {"projectlocatie": 12, "name": "025/001", "description": null, "image": "", "webcam": null, "location": "SRID=4326;POINT (4.657786119309614 51.84103641981692)"}}, {"model": "data.meetlocatie", "pk": 13, "fields": {"projectlocatie": 13, "name": "026/001", "description": null, "image": "", "webcam": null, "location": "SRID=4326;POINT (4.637846240446017 51.83996336300893)"}}, {"model": "data.meetlocatie", "pk": 14, "fields": {"projectlocatie": 14, "name": "028/001", "description": null, "image": "", "webcam": null, "location": "SRID=4326;POINT (4.642630329517801 51.8369361346397)"}}, {"model": "data.meetlocatie", "pk": 15, "fields": {"projectlocatie": 15, "name": "029/001", "description": null, "image": "", "webcam": null, "location": "SRID=4326;POINT (4.636298828894663 51.83616607868505)"}}, {"model": "data.meetlocatie", "pk": 16, "fields": {"projectlocatie": 16, "name": "032/001", "description": null, "image": "", "webcam": null, "location": "SRID=4326;POINT (4.627830267352231 51.83772450700786)"}}, {"model": "data.meetlocatie", "pk": 17, "fields": {"projectlocatie": 17, "name": "035/001", "description": null, "image": "", "webcam": null, "location": "SRID=4326;POINT (4.656301542917822 51.83060653193404)"}}, {"model": "data.meetlocatie", "pk": 18, "fields": {"projectlocatie": 18, "name": "038/001", "description": null, "image": "", "webcam": null, "location": "SRID=4326;POINT (4.634799334930299 51.82708618380019)"}}, {"model": "data.meetlocatie", "pk": 19, "fields": {"projectlocatie": 19, "name": "039/001", "description": null, "image": "", "webcam": null, "location": "SRID=4326;POINT (4.643934546947321 51.83511947405125)"}}, {"model": "data.meetlocatie", "pk": 20, "fields": {"projectlocatie": 20, "name": "041/001", "description": null, "image": "", "webcam": null, "location": "SRID=4326;POINT (4.64350223462491 51.85066619267456)"}}, {"model": "data.meetlocatie", "pk": 21, "fields": {"projectlocatie": 21, "name": "047/001", "description": null, "image": "", "webcam": null, "location": "SRID=4326;POINT (4.649012626746946 51.84778410124989)"}}, {"model": "data.meetlocatie", "pk": 22, "fields": {"projectlocatie": 22, "name": "048/001", "description": null, "image": "", "webcam": null, "location": "SRID=4326;POINT (4.635275027304304 51.84861381785976)"}}, {"model": "data.meetlocatie", "pk": 23, "fields": {"projectlocatie": 23, "name": "049/001", "description": null, "image": "", "webcam": null, "location": "SRID=4326;POINT (4.636061766676363 51.84789214677377)"}}, {"model": "data.meetlocatie", "pk": 24, "fields": {"projectlocatie": 24, "name": "050/001", "description": null, "image": "", "webcam": null, "location": "SRID=4326;POINT (4.629324308839336 51.84267269587164)"}}, {"model": "data.meetlocatie", "pk": 25, "fields": {"projectlocatie": 25, "name": "051/001", "description": null, "image": "", "webcam": null, "location": "SRID=4326;POINT (4.630945225840207 51.8462347983064)"}}, {"model": "data.meetlocatie", "pk": 26, "fields": {"projectlocatie": 26, "name": "052/001", "description": null, "image": "", "webcam": null, "location": "SRID=4326;POINT (4.631696753373675 51.84781560234607)"}}, {"model": "data.meetlocatie", "pk": 27, "fields": {"projectlocatie": 27, "name": "053/001", "description": null, "image": "", "webcam": null, "location": "SRID=4326;POINT (4.649029237366735 51.84969366551346)"}}, {"model": "data.meetlocatie", "pk": 28, "fields": {"projectlocatie": 28, "name": "055/001", "description": null, "image": "", "webcam": null, "location": "SRID=4326;POINT (4.643487180897509 51.85166563592647)"}}, {"model": "data.meetlocatie", "pk": 29, "fields": {"projectlocatie": 29, "name": "928/001", "description": null, "image": "", "webcam": null, "location": "SRID=4326;POINT (4.610423676886829 51.84793161267652)"}}, {"model": "data.meetlocatie", "pk": 30, "fields": {"projectlocatie": 30, "name": "100/001", "description": null, "image": "", "webcam": null, "location": "SRID=4326;POINT (4.652917072710297 51.84900591689193)"}}, {"model": "data.meetlocatie", "pk": 31, "fields": {"projectlocatie": 31, "name": "101/001", "description": null, "image": "", "webcam": null, "location": "SRID=4326;POINT (4.65292971674627 51.84900486339235)"}}, {"model": "data.meetlocatie", "pk": 32, "fields": {"projectlocatie": 32, "name": "105/001", "description": null, "image": "", "webcam": null, "location": "SRID=4326;POINT (4.649479444411607 51.83600725056889)"}}, {"model": "data.meetlocatie", "pk": 33, "fields": {"projectlocatie": 33, "name": "136/001", "description": null, "image": "", "webcam": null, "location": "SRID=4326;POINT (4.646164350416712 51.83118819924579)"}}, {"model": "data.meetlocatie", "pk": 34, "fields": {"projectlocatie": 34, "name": "102/001", "description": null, "image": "", "webcam": null, "location": "SRID=4326;POINT (4.625883855131414 51.84716019152734)"}}, {"model": "data.meetlocatie", "pk": 35, "fields": {"projectlocatie": 35, "name": "Meteostation Rotterdam (dagwaarden)", "description": "Meteostation Rotterdam (dagwaarden)", "image": "", "webcam": null, "location": "SRID=4326;POINT (4.443702661754834 51.95403734930889)"}}, {"model": "data.meetlocatie", "pk": 36, "fields": {"projectlocatie": 36, "name": "Neerslagstation Hendrik Ido Ambacht", "description": "Neerslagstation Hendrik Ido Ambacht", "image": "", "webcam": null, "location": "SRID=4326;POINT (4.647348766310588 51.82926780610331)"}}, {"model": "data.meetlocatie", "pk": 37, "fields": {"projectlocatie": 37, "name": "Meteostation Rotterdam (uurwaarden)", "description": "Meteostation Rotterdam (uurwaarden)", "image": "", "webcam": null, "location": "SRID=4326;POINT (4.443702661754834 51.95403734930889)"}}, {"model": "data.meetlocatie", "pk": 38, "fields": {"projectlocatie": 38, "name": "016/001", "description": null, "image": "", "webcam": null, "location": "SRID=4326;POINT (4.630063112611587 51.83974663191034)"}}, {"model": "meetnet.network", "pk": 1, "fields": {"name": "Hendrik-Ido-Ambacht", "logo": "logos/logo.png", "homepage": "https://www.h-i-ambacht.nl/", "login_required": true, "bound": "", "last_round": null, "next_round": null, "display_name": "name"}}, {"model": "meetnet.well", "pk": 1, "fields": {"ploc": 1, "network": 1, "name": "003", "nitg": null, "broid": null, "location": "SRID=4326;POINT (4.631539856011242 51.85017670714374)", "description": "", "maaiveld": 0.075, "ahn": "0.03", "date": "2013-04-06", "owner": null, "straat": "Kerkplein", "huisnummer": null, "postcode": null, "plaats": "Hendrik-Ido-Ambacht", "log": "logs/well_covering_drilling_profile_3_102_1.png", "chart": "charts/003.png", "g": 9.80665}}, {"model": "meetnet.well", "pk": 2, "fields": {"ploc": 2, "network": 1, "name": "004", "nitg": null, "broid": null, "location": "SRID=4326;POINT (4.623596976551118 51.8377503326409)", "description": "", "maaiveld": -1.2, "ahn": "-1.19", "date": "2014-01-06", "owner": null, "straat": "De Zelling", "huisnummer": null, "postcode": null, "plaats": "Hendrik-Ido-Ambacht", "log": "logs/well_covering_drilling_profile_4_103_1.png", "chart": "charts/004.png", "g": 9.80665}}, {"model": "meetnet.well", "pk": 3, "fields": {"ploc": 3, "network": 1, "name": "006", "nitg": null, "broid": null, "location": "SRID=4326;POINT (4.62677907835782 51.8460660035792)", "description": "", "maaiveld": -0.691, "ahn": null, "date": "2013-12-06", "owner": null, "straat": "Banckertplein", "huisnummer": "173", "postcode": "3342TG", "plaats": "Hendrik-Ido-Ambacht", "log": "logs/well_covering_drilling_profile_6_105_1.png", "chart": "charts/006.png", "g": 9.80665}}, {"model": "meetnet.well", "pk": 4, "fields": {"ploc": 4, "network": 1, "name": "008", "nitg": null, "broid": null, "location": "SRID=4326;POINT (4.632627417098837 51.84522030154716)", "description": "", "maaiveld": -1.056, "ahn": null, "date": "2013-12-06", "owner": null, "straat": "Frankensteyn", "huisnummer": "4", "postcode": "3342XC", "plaats": "Hendrik-Ido-Ambacht", "log": "logs/well_covering_drilling_profile_8_107_1.png", "chart": "charts/008.png", "g": 9.80665}}, {"model": "meetnet.well", "pk": 5, "fields": {"ploc": 5, "network": 1, "name": "009", "nitg": null, "broid": null, "location": "SRID=4326;POINT (4.635631179556178 51.84635053143624)", "description": "", "maaiveld": -1.117, "ahn": null, "date": "2013-12-06", "owner": null, "straat": "Landmanshof", "huisnummer": "16", "postcode": "3342XG", "plaats": "Hendrik-Ido-Ambacht", "log": "logs/well_covering_drilling_profile_9_108_1.png", "chart": "charts/009.png", "g": 9.80665}}, {"model": "meetnet.well", "pk": 6, "fields": {"ploc": 6, "network": 1, "name": "013", "nitg": null, "broid": null, "location": "SRID=4326;POINT (4.622953320172712 51.84137725034162)", "description": "", "maaiveld": -1.031, "ahn": "-0.99", "date": "2013-12-06", "owner": null, "straat": "Aalborg Haackslaan", "huisnummer": "45", "postcode": "3342GK", "plaats": "Hendrik-Ido-Ambacht", "log": "logs/well_covering_drilling_profile_13_112_1.png", "chart": "charts/013.png", "g": 9.80665}}, {"model": "meetnet.well", "pk": 7, "fields": {"ploc": 38, "network": 1, "name": "016", "nitg": null, "broid": null, "location": "SRID=4326;POINT (4.630063112611587 51.83974663191034)", "description": "", "maaiveld": -1.272, "ahn": "-1.28", "date": "2014-01-06", "owner": null, "straat": "Kennipwerf", "huisnummer": "1", "postcode": "3343BB", "plaats": "Hendrik-Ido-Ambacht", "log": "logs/well_covering_drilling_profile_16_115_1.png", "chart": "charts/016.png", "g": 9.80665}}, {"model": "meetnet.well", "pk": 8, "fields": {"ploc": 8, "network": 1, "name": "018", "nitg": null, "broid": null, "location": "SRID=4326;POINT (4.640644208230833 51.85115882765368)", "description": "", "maaiveld": -0.037, "ahn": "-0.07", "date": "2014-07-06", "owner": null, "straat": "Thorbeckestraat", "huisnummer": "82", "postcode": "3341XX", "plaats": "Hendrik-Ido-Ambacht", "log": "logs/well_covering_drilling_profile_18_117_1.png", "chart": "charts/018.png", "g": 9.80665}}, {"model": "meetnet.well", "pk": 9, "fields": {"ploc": 9, "network": 1, "name": "020", "nitg": null, "broid": null, "location": "SRID=4326;POINT (4.64695325862491 51.85179805333647)", "description": "", "maaiveld": -0.843, "ahn": "-1.02", "date": "2014-07-06", "owner": null, "straat": "Jan van der Heydenstraat", "huisnummer": "10", "postcode": "3341BJ", "plaats": "Hendrik-Ido-Ambacht", "log": "logs/well_covering_drilling_profile_20_119_1.png", "chart": "charts/020.png", "g": 9.80665}}, {"model": "meetnet.well", "pk": 10, "fields": {"ploc": 10, "network": 1, "name": "021", "nitg": null, "broid": null, "location": "SRID=4326;POINT (4.641474509474577 51.84497791803521)", "description": "", "maaiveld": -1.206, "ahn": "-1.19", "date": "2014-07-06", "owner": null, "straat": "P.C. Hooftsingel", "huisnummer": "73", "postcode": "3341TC", "plaats": "Hendrik-Ido-Ambacht", "log": "logs/well_covering_drilling_profile_21_120_1.png", "chart": "charts/021.png", "g": 9.80665}}, {"model": "meetnet.well", "pk": 11, "fields": {"ploc": 11, "network": 1, "name": "024", "nitg": null, "broid": null, "location": "SRID=4326;POINT (4.646190014220723 51.84172058395703)", "description": "", "maaiveld": -1.128, "ahn": "-1.11", "date": "2014-02-06", "owner": null, "straat": "Van Renesseborch", "huisnummer": null, "postcode": "3341RD", "plaats": "Hendrik-Ido-Ambacht", "log": "logs/well_covering_drilling_profile_24_123_1.png", "chart": "charts/024.png", "g": 9.80665}}, {"model": "meetnet.well", "pk": 12, "fields": {"ploc": 12, "network": 1, "name": "025", "nitg": null, "broid": null, "location": "SRID=4326;POINT (4.657786119309614 51.84103641981692)", "description": "", "maaiveld": 0.195, "ahn": "0.26", "date": "2014-05-06", "owner": null, "straat": "Burgemeester van Akenwijk", "huisnummer": "18", "postcode": "3341BA", "plaats": "Hendrik-Ido-Ambacht", "log": "logs/well_covering_drilling_profile_25_125_1.png", "chart": "charts/025.png", "g": 9.80665}}, {"model": "meetnet.well", "pk": 13, "fields": {"ploc": 13, "network": 1, "name": "026", "nitg": null, "broid": null, "location": "SRID=4326;POINT (4.637846240446017 51.83996336300893)", "description": "", "maaiveld": -1.184, "ahn": "-1.20", "date": "2014-02-06", "owner": null, "straat": "Jan P. Vethstraat", "huisnummer": "1", "postcode": "3343RG", "plaats": "Hendrik-Ido-Ambacht", "log": "logs/well_covering_drilling_profile_26_126_1.png", "chart": "charts/026.png", "g": 9.80665}}, {"model": "meetnet.well", "pk": 14, "fields": {"ploc": 14, "network": 1, "name": "028", "nitg": null, "broid": null, "location": "SRID=4326;POINT (4.642630329517801 51.8369361346397)", "description": "", "maaiveld": -0.829, "ahn": "-0.80", "date": "2014-02-06", "owner": null, "straat": "Amandelgaarde", "huisnummer": "69", "postcode": "3344RA", "plaats": "Hendrik-Ido-Ambacht", "log": "logs/well_covering_drilling_profile_28_128_1.png", "chart": "charts/028.png", "g": 9.80665}}, {"model": "meetnet.well", "pk": 15, "fields": {"ploc": 15, "network": 1, "name": "029", "nitg": null, "broid": null, "location": "SRID=4326;POINT (4.636298828894663 51.83616607868505)", "description": "", "maaiveld": -1.286, "ahn": "-1.33", "date": "2014-02-06", "owner": null, "straat": "Ring", "huisnummer": "418", "postcode": "3343NH", "plaats": "Hendrik-Ido-Ambacht", "log": "logs/well_covering_drilling_profile_29_129_1.png", "chart": "charts/029.png", "g": 9.80665}}, {"model": "meetnet.well", "pk": 16, "fields": {"ploc": 16, "network": 1, "name": "032", "nitg": null, "broid": null, "location": "SRID=4326;POINT (4.627830267352231 51.83772450700786)", "description": "", "maaiveld": -1.289, "ahn": "-1.28", "date": "2014-01-06", "owner": null, "straat": "Ring", "huisnummer": "208", "postcode": "3343CR", "plaats": "Hendrik-Ido-Ambacht", "log": "logs/well_covering_drilling_profile_32_132_1.png", "chart": "charts/032.png", "g": 9.80665}}, {"model": "meetnet.well", "pk": 17, "fields": {"ploc": 17, "network": 1, "name": "035", "nitg": null, "broid": null, "location": "SRID=4326;POINT (4.656301542917822 51.83060653193404)", "description": "", "maaiveld": -0.728, "ahn": "-0.74", "date": "2014-08-06", "owner": null, "straat": "Moerasvaren", "huisnummer": "56", "postcode": "3344CG", "plaats": "Hendrik-Ido-Ambacht", "log": "logs/well_covering_drilling_profile_35_136_1.png", "chart": "charts/035.png", "g": 9.80665}}, {"model": "meetnet.well", "pk": 18, "fields": {"ploc": 18, "network": 1, "name": "038", "nitg": null, "broid": null, "location": "SRID=4326;POINT (4.634799334930299 51.82708618380019)", "description": "", "maaiveld": -0.826, "ahn": "-0.81", "date": "2014-08-06", "owner": null, "straat": "Zwanebloem", "huisnummer": "35", "postcode": "3344BM", "plaats": "Hendrik-Ido-Ambacht", "log": "logs/well_covering_drilling_profile_38_139_1.png", "chart": "charts/038.png", "g": 9.80665}}, {"model": "meetnet.well", "pk": 19, "fields": {"ploc": 19, "network": 1, "name": "039", "nitg": null, "broid": null, "location": "SRID=4326;POINT (4.643934546947321 51.83511947405125)", "description": "", "maaiveld": -1.025, "ahn": "-1.03", "date": "2014-06-06", "owner": null, "straat": "Druivengaarde", "huisnummer": "32", "postcode": "3344PK", "plaats": "Hendrik-Ido-Ambacht", "log": "logs/well_covering_drilling_profile_39_140_1.png", "chart": "charts/039.png", "g": 9.80665}}, {"model": "meetnet.well", "pk": 20, "fields": {"ploc": 20, "network": 1, "name": "041", "nitg": null, "broid": null, "location": "SRID=4326;POINT (4.64350223462491 51.85066619267456)", "description": "", "maaiveld": -0.65, "ahn": "-0.80", "date": "2014-07-06", "owner": null, "straat": "Christinastraat", "huisnummer": null, "postcode": "3341EH", "plaats": "Hendrik-Ido-Ambacht", "log": "logs/well_covering_drilling_profile_41_5_1.png", "chart": "charts/041.png", "g": 9.80665}}, {"model": "meetnet.well", "pk": 21, "fields": {"ploc": 21, "network": 1, "name": "047", "nitg": null, "broid": null, "location": "SRID=4326;POINT (4.649012626746946 51.84778410124989)", "description": "", "maaiveld": -1.291, "ahn": "-1.44", "date": "2014-06-06", "owner": null, "straat": "Het Volgerland", "huisnummer": "48", "postcode": "3341CL", "plaats": "Hendrik-Ido-Ambacht", "log": "logs/well_covering_drilling_profile_47_28_1.png", "chart": "charts/047.png", "g": 9.80665}}, {"model": "meetnet.well", "pk": 22, "fields": {"ploc": 22, "network": 1, "name": "048", "nitg": null, "broid": null, "location": "SRID=4326;POINT (4.635275027304304 51.84861381785976)", "description": "", "maaiveld": -0.85, "ahn": "-0.83", "date": "2014-07-06", "owner": null, "straat": "Steenbakkersstraat", "huisnummer": "4", "postcode": "3342BT", "plaats": "Hendrik-Ido-Ambacht", "log": "logs/well_covering_drilling_profile_48_36_1.png", "chart": "charts/048.png", "g": 9.80665}}, {"model": "meetnet.well", "pk": 23, "fields": {"ploc": 23, "network": 1, "name": "049", "nitg": null, "broid": null, "location": "SRID=4326;POINT (4.636061766676363 51.84789214677377)", "description": "", "maaiveld": -1.184, "ahn": "-1.19", "date": "2014-06-06", "owner": null, "straat": "Zoutziedersstraat", "huisnummer": "1", "postcode": "3342BW", "plaats": "Hendrik-Ido-Ambacht", "log": "logs/well_covering_drilling_profile_49_37_1.png", "chart": "charts/049.png", "g": 9.80665}}, {"model": "meetnet.well", "pk": 24, "fields": {"ploc": 24, "network": 1, "name": "050", "nitg": null, "broid": null, "location": "SRID=4326;POINT (4.629324308839336 51.84267269587164)", "description": "", "maaiveld": -1.25, "ahn": "-1.37", "date": "2014-07-06", "owner": null, "straat": "Admiraal de Ruyterlaan", "huisnummer": "2A", "postcode": "3342TA", "plaats": "Hendrik-Ido-Ambacht", "log": "", "chart": "charts/050.png", "g": 9.80665}}, {"model": "meetnet.well", "pk": 25, "fields": {"ploc": 25, "network": 1, "name": "051", "nitg": null, "broid": null, "location": "SRID=4326;POINT (4.630945225840207 51.8462347983064)", "description": "", "maaiveld": -1.53, "ahn": "-1.52", "date": "2015-01-06", "owner": null, "straat": "Reeweg", "huisnummer": "68", "postcode": "3342AB", "plaats": "Hendrik-Ido-Ambacht", "log": "logs/well_covering_drilling_profile_51_42_1.png", "chart": "charts/051.png", "g": 9.80665}}, {"model": "meetnet.well", "pk": 26, "fields": {"ploc": 26, "network": 1, "name": "052", "nitg": null, "broid": null, "location": "SRID=4326;POINT (4.631696753373675 51.84781560234607)", "description": "", "maaiveld": -1.583, "ahn": "-1.58", "date": "2013-05-06", "owner": null, "straat": "Reeweg", "huisnummer": "29", "postcode": "3342AA", "plaats": "Hendrik-Ido-Ambacht", "log": "logs/well_covering_drilling_profile_52_426_1.png", "chart": "charts/052.png", "g": 9.80665}}, {"model": "meetnet.well", "pk": 27, "fields": {"ploc": 27, "network": 1, "name": "053", "nitg": null, "broid": null, "location": "SRID=4326;POINT (4.649029237366735 51.84969366551346)", "description": "", "maaiveld": -0.931, "ahn": "-0.98", "date": "2014-06-06", "owner": null, "straat": "Paulusweg", "huisnummer": "", "postcode": "3341BM", "plaats": "Hendrik-Ido-Ambacht", "log": "logs/well_covering_drilling_profile_53_65-up-hy_1.png", "chart": "charts/053.png", "g": 9.80665}}, {"model": "meetnet.well", "pk": 28, "fields": {"ploc": 28, "network": 1, "name": "055", "nitg": null, "broid": null, "location": "SRID=4326;POINT (4.643487180897509 51.85166563592647)", "description": "", "maaiveld": -0.21, "ahn": "-0.22", "date": "2014-07-06", "owner": null, "straat": "Julianasingel", "huisnummer": "1", "postcode": "3341EE", "plaats": "Hendrik-Ido-Ambacht", "log": "logs/well_covering_drilling_profile_55_2_1.png", "chart": "charts/055.png", "g": 9.80665}}, {"model": "meetnet.well", "pk": 29, "fields": {"ploc": 29, "network": 1, "name": "928", "nitg": null, "broid": null, "location": "SRID=4326;POINT (4.610423676886829 51.84793161267652)", "description": "", "maaiveld": 0.369, "ahn": null, "date": "2014-07-06", "owner": null, "straat": "Achterambachtseweg", "huisnummer": null, "postcode": "3342LB", "plaats": "Hendrik-Ido-Ambacht", "log": "logs/well_covering_drilling_profile_928_bp58_1.png", "chart": "charts/928.png", "g": 9.80665}}, {"model": "meetnet.well", "pk": 30, "fields": {"ploc": 31, "network": 1, "name": "101", "nitg": null, "broid": null, "location": "SRID=4326;POINT (4.65292971674627 51.84900486339235)", "description": "", "maaiveld": 3.716, "ahn": "3.17", "date": "2019-08-27", "owner": null, "straat": "Teunis Stooplaan", "huisnummer": "", "postcode": "3341LJ", "plaats": "Hendrik-Ido-Ambacht", "log": "logs/boorprofiel_101_1.png", "chart": "charts/101.png", "g": 9.80665}}, {"model": "meetnet.well", "pk": 31, "fields": {"ploc": 34, "network": 1, "name": "102", "nitg": null, "broid": null, "location": "SRID=4326;POINT (4.625883855131414 51.84716019152734)", "description": "", "maaiveld": -1.015, "ahn": "-1.52", "date": "2019-08-28", "owner": null, "straat": "Schultz van Haegenstraat", "huisnummer": "51", "postcode": "3342VE", "plaats": "Hendrik-Ido-Ambacht", "log": "logs/boorprofiel_102_1.png", "chart": "charts/102.png", "g": 9.80665}}, {"model": "meetnet.well", "pk": 32, "fields": {"ploc": 32, "network": 1, "name": "105", "nitg": null, "broid": null, "location": "SRID=4326;POINT (4.649479444411607 51.83600725056889)", "description": "Deze peilbuis was verdwenen bij nieuwbouwwerkzaamheden. De peilbuis is herplaatst op 26 augustus 2019, tijdens de renovatie, op een afstand van circa 30 meters van de oude locatie.", "maaiveld": -1.062, "ahn": "-1.05", "date": "2019-08-26", "owner": null, "straat": "Bliek", "huisnummer": "13", "postcode": "3344HC", "plaats": "Hendrik-Ido-Ambacht", "log": "logs/boorprofiel_105_1.png", "chart": "charts/105.png", "g": 9.80665}}, {"model": "meetnet.well", "pk": 33, "fields": {"ploc": 33, "network": 1, "name": "136", "nitg": null, "broid": null, "location": "SRID=4326;POINT (4.646164350416712 51.83118819924579)", "description": "Deze peilbuis is op 26 augustus 2019, bij de renovatie, circa 10 meters verplaatst langs de stoep in noordelijke richting", "maaiveld": -0.914, "ahn": "-1.00", "date": "2019-08-26", "owner": null, "straat": "Dreef", "huisnummer": "24", "postcode": "3344GJ", "plaats": "Hendrik-Ido-Ambacht", "log": "logs/boorprofiel_136_1.png", "chart": "charts/136.png", "g": 9.80665}}, {"model": "meetnet.meteodata", "pk": 1, "fields": {"well": 1, "baro": 132, "neerslag": 130, "verdamping": 129, "temperatuur": 128}}, {"model": "meetnet.meteodata", "pk": 2, "fields": {"well": 2, "baro": 132, "neerslag": 130, "verdamping": 129, "temperatuur": 128}}, {"model": "meetnet.meteodata", "pk": 3, "fields": {"well": 3, "baro": 132, "neerslag": 130, "verdamping": 129, "temperatuur": 128}}, {"model": "meetnet.meteodata", "pk": 4, "fields": {"well": 4, "baro": 132, "neerslag": 130, "verdamping": 129, "temperatuur": 128}}, {"model": "meetnet.meteodata", "pk": 5, "fields": {"well": 5, "baro": 132, "neerslag": 130, "verdamping": 129, "temperatuur": 128}}, {"model": "meetnet.meteodata", "pk": 6, "fields": {"well": 6, "baro": 132, "neerslag": 130, "verdamping": 129, "temperatuur": 128}}, {"model": "meetnet.meteodata", "pk": 7, "fields": {"well": 7, "baro": 132, "neerslag": 130, "verdamping": 129, "temperatuur": 128}}, {"model": "meetnet.meteodata", "pk": 8, "fields": {"well": 8, "baro": 132, "neerslag": 130, "verdamping": 129, "temperatuur": 128}}, {"model": "meetnet.meteodata", "pk": 9, "fields": {"well": 9, "baro": 132, "neerslag": 130, "verdamping": 129, "temperatuur": 128}}, {"model": "meetnet.meteodata", "pk": 10, "fields": {"well": 10, "baro": 132, "neerslag": 130, "verdamping": 129, "temperatuur": 128}}, {"model": "meetnet.meteodata", "pk": 11, "fields": {"well": 11, "baro": 132, "neerslag": 130, "verdamping": 129, "temperatuur": 128}}, {"model": "meetnet.meteodata", "pk": 12, "fields": {"well": 12, "baro": 132, "neerslag": 130, "verdamping": 129, "temperatuur": 128}}, {"model": "meetnet.meteodata", "pk": 13, "fields": {"well": 13, "baro": 132, "neerslag": 130, "verdamping": 129, "temperatuur": 128}}, {"model": "meetnet.meteodata", "pk": 14, "fields": {"well": 14, "baro": 132, "neerslag": 130, "verdamping": 129, "temperatuur": 128}}, {"model": "meetnet.meteodata", "pk": 15, "fields": {"well": 15, "baro": 132, "neerslag": 130, "verdamping": 129, "temperatuur": 128}}, {"model": "meetnet.meteodata", "pk": 16, "fields": {"well": 16, "baro": 132, "neerslag": 130, "verdamping": 129, "temperatuur": 128}}, {"model": "meetnet.meteodata", "pk": 17, "fields": {"well": 17, "baro": 132, "neerslag": 130, "verdamping": 129, "temperatuur": 128}}, {"model": "meetnet.meteodata", "pk": 18, "fields": {"well": 18, "baro": 132, "neerslag": 130, "verdamping": 129, "temperatuur": 128}}, {"model": "meetnet.meteodata", "pk": 19, "fields": {"well": 19, "baro": 132, "neerslag": 130, "verdamping": 129, "temperatuur": 128}}, {"model": "meetnet.meteodata", "pk": 20, "fields": {"well": 20, "baro": 132, "neerslag": 130, "verdamping": 129, "temperatuur": 128}}, {"model": "meetnet.meteodata", "pk": 21, "fields": {"well": 21, "baro": 132, "neerslag": 130, "verdamping": 129, "temperatuur": 128}}, {"model": "meetnet.meteodata", "pk": 22, "fields": {"well": 22, "baro": 132, "neerslag": 130, "verdamping": 129, "temperatuur": 128}}, {"model": "meetnet.meteodata", "pk": 23, "fields": {"well": 23, "baro": 132, "neerslag": 130, "verdamping": 129, "temperatuur": 128}}, {"model": "meetnet.meteodata", "pk": 24, "fields": {"well": 24, "baro": 132, "neerslag": 130, "verdamping": 129, "temperatuur": 128}}, {"model": "meetnet.meteodata", "pk": 25, "fields": {"well": 25, "baro": 132, "neerslag": 130, "verdamping": 129, "temperatuur": 128}}, {"model": "meetnet.meteodata", "pk": 26, "fields": {"well": 26, "baro": 132, "neerslag": 130, "verdamping": 129, "temperatuur": 128}}, {"model": "meetnet.meteodata", "pk": 27, "fields": {"well": 27, "baro": 132, "neerslag": 130, "verdamping": 129, "temperatuur": 128}}, {"model": "meetnet.meteodata", "pk": 28, "fields": {"well": 28, "baro": 132, "neerslag": 130, "verdamping": 129, "temperatuur": 128}}, {"model": "meetnet.meteodata", "pk": 29, "fields": {"well": 30, "baro": 132, "neerslag": 130, "verdamping": 129, "temperatuur": 128}}, {"model": "meetnet.meteodata", "pk": 30, "fields": {"well": 31, "baro": 132, "neerslag": 130, "verdamping": 129, "temperatuur": 128}}, {"model": "meetnet.meteodata", "pk": 31, "fields": {"well": 32, "baro": 132, "neerslag": 130, "verdamping": 129, "temperatuur": 128}}, {"model": "meetnet.meteodata", "pk": 32, "fields": {"well": 33, "baro": 132, "neerslag": 130, "verdamping": 129, "temperatuur": 128}}, {"model": "meetnet.meteodata", "pk": 33, "fields": {"well": 29, "baro": 132, "neerslag": 130, "verdamping": 129, "temperatuur": 128}}, {"model": "meetnet.photo", "pk": 1, "fields": {"well": 1, "photo": "fotos/3_1.JPG"}}, {"model": "meetnet.photo", "pk": 2, "fields": {"well": 2, "photo": "fotos/4_1.JPG"}}, {"model": "meetnet.photo", "pk": 3, "fields": {"well": 3, "photo": "fotos/6_1.JPG"}}, {"model": "meetnet.photo", "pk": 4, "fields": {"well": 4, "photo": "fotos/8_1.JPG"}}, {"model": "meetnet.photo", "pk": 5, "fields": {"well": 5, "photo": "fotos/9_1.JPG"}}, {"model": "meetnet.photo", "pk": 6, "fields": {"well": 6, "photo": "fotos/13_1.JPG"}}, {"model": "meetnet.photo", "pk": 7, "fields": {"well": 7, "photo": "fotos/16_1.JPG"}}, {"model": "meetnet.photo", "pk": 8, "fields": {"well": 8, "photo": "fotos/18_1.JPG"}}, {"model": "meetnet.photo", "pk": 9, "fields": {"well": 9, "photo": "fotos/20_1.JPG"}}, {"model": "meetnet.photo", "pk": 10, "fields": {"well": 10, "photo": "fotos/21_1.JPG"}}, {"model": "meetnet.photo", "pk": 11, "fields": {"well": 11, "photo": "fotos/24_1.JPG"}}, {"model": "meetnet.photo", "pk": 12, "fields": {"well": 12, "photo": "fotos/25_1.JPG"}}, {"model": "meetnet.photo", "pk": 13, "fields": {"well": 13, "photo": "fotos/26_1.JPG"}}, {"model": "meetnet.photo", "pk": 14, "fields": {"well": 14, "photo": "fotos/28_1.JPG"}}, {"model": "meetnet.photo", "pk": 15, "fields": {"well": 15, "photo": "fotos/29_1.JPG"}}, {"model": "meetnet.photo", "pk": 16, "fields": {"well": 16, "photo": "fotos/32_1.JPG"}}, {"model": "meetnet.photo", "pk": 17, "fields": {"well": 17, "photo": "fotos/35_1.JPG"}}, {"model": "meetnet.photo", "pk": 18, "fields": {"well": 18, "photo": "fotos/38_1.JPG"}}, {"model": "meetnet.photo", "pk": 19, "fields": {"well": 19, "photo": "fotos/39_1.JPG"}}, {"model": "meetnet.photo", "pk": 20, "fields": {"well": 20, "photo": "fotos/41_1.JPG"}}, {"model": "meetnet.photo", "pk": 21, "fields": {"well": 21, "photo": "fotos/47_1.JPG"}}, {"model": "meetnet.photo", "pk": 22, "fields": {"well": 22, "photo": "fotos/48_1.JPG"}}, {"model": "meetnet.photo", "pk": 23, "fields": {"well": 23, "photo": "fotos/49_1.JPG"}}, {"model": "meetnet.photo", "pk": 24, "fields": {"well": 24, "photo": "fotos/50_1.JPG"}}, {"model": "meetnet.photo", "pk": 25, "fields": {"well": 25, "photo": "fotos/51_1.JPG"}}, {"model": "meetnet.photo", "pk": 26, "fields": {"well": 26, "photo": "fotos/52_1.JPG"}}, {"model": "meetnet.photo", "pk": 27, "fields": {"well": 27, "photo": "fotos/53_1.JPG"}}, {"model": "meetnet.photo", "pk": 28, "fields": {"well": 28, "photo": "fotos/55_1.JPG"}}, {"model": "meetnet.photo", "pk": 29, "fields": {"well": 29, "photo": "fotos/928_1.JPG"}}, {"model": "meetnet.photo", "pk": 30, "fields": {"well": 30, "photo": "fotos/101_1.JPEG"}}, {"model": "meetnet.photo", "pk": 31, "fields": {"well": 31, "photo": "fotos/102_1.JPEG"}}, {"model": "meetnet.photo", "pk": 32, "fields": {"well": 32, "photo": "fotos/105_1.JPEG"}}, {"model": "meetnet.photo", "pk": 33, "fields": {"well": 33, "photo": "fotos/136_1.JPEG"}}, {"model": "meetnet.screen", "pk": 1, "fields": {"mloc": 1, "well": 1, "nr": 1, "density": 1000.0, "refpnt": -0.068, "depth": 2.01, "top": 1.155, "bottom": 2.155, "diameter": 63.0, "material": "pvc", "chart": "", "aquifer": null, "manual_levels": 95, "logger_levels": 4, "group": null}}, {"model": "meetnet.screen", "pk": 2, "fields": {"mloc": 2, "well": 2, "nr": 1, "density": 1000.0, "refpnt": -1.367, "depth": 3.0, "top": 2.16, "bottom": 3.16, "diameter": 63.0, "material": "pvc", "chart": "charts/004001.png", "aquifer": null, "manual_levels": 96, "logger_levels": 7, "group": null}}, {"model": "meetnet.screen", "pk": 3, "fields": {"mloc": 3, "well": 3, "nr": 1, "density": 1000.0, "refpnt": -0.844, "depth": 3.0, "top": 2.189, "bottom": 3.189, "diameter": 63.0, "material": "pvc", "chart": "charts/006001.png", "aquifer": null, "manual_levels": 97, "logger_levels": 10, "group": null}}, {"model": "meetnet.screen", "pk": 4, "fields": {"mloc": 4, "well": 4, "nr": 1, "density": 1000.0, "refpnt": -1.211, "depth": 3.0, "top": 2.194, "bottom": 3.194, "diameter": 63.0, "material": "pvc", "chart": "charts/008001.png", "aquifer": null, "manual_levels": 98, "logger_levels": 13, "group": null}}, {"model": "meetnet.screen", "pk": 5, "fields": {"mloc": 5, "well": 5, "nr": 1, "density": 1000.0, "refpnt": -1.259, "depth": 3.0, "top": 2.243, "bottom": 3.243, "diameter": 63.0, "material": "pvc", "chart": "charts/009001.png", "aquifer": null, "manual_levels": 99, "logger_levels": 16, "group": null}}, {"model": "meetnet.screen", "pk": 6, "fields": {"mloc": 6, "well": 6, "nr": 1, "density": 1000.0, "refpnt": -1.165, "depth": 3.0, "top": 2.119, "bottom": 3.119, "diameter": 63.0, "material": "pvc", "chart": "charts/013001.png", "aquifer": null, "manual_levels": 100, "logger_levels": 19, "group": null}}, {"model": "meetnet.screen", "pk": 7, "fields": {"mloc": 38, "well": 7, "nr": 1, "density": 1000.0, "refpnt": -1.387, "depth": 2.22, "top": 1.488, "bottom": 2.488, "diameter": 63.0, "material": "pvc", "chart": "charts/016001.png", "aquifer": null, "manual_levels": 101, "logger_levels": 22, "group": null}}, {"model": "meetnet.screen", "pk": 8, "fields": {"mloc": 8, "well": 8, "nr": 1, "density": 1000.0, "refpnt": -0.208, "depth": 2.4, "top": 1.833, "bottom": 2.833, "diameter": 63.0, "material": "pvc", "chart": "charts/018001.png", "aquifer": null, "manual_levels": 102, "logger_levels": 25, "group": null}}, {"model": "meetnet.screen", "pk": 9, "fields": {"mloc": 9, "well": 9, "nr": 1, "density": 1000.0, "refpnt": -0.942, "depth": 2.4, "top": 1.687, "bottom": 2.687, "diameter": 63.0, "material": "pvc", "chart": "charts/020001.png", "aquifer": null, "manual_levels": 103, "logger_levels": 28, "group": null}}, {"model": "meetnet.screen", "pk": 10, "fields": {"mloc": 10, "well": 10, "nr": 1, "density": 1000.0, "refpnt": -1.338, "depth": 3.0, "top": 2.134, "bottom": 3.134, "diameter": 63.0, "material": "pvc", "chart": "charts/021001.png", "aquifer": null, "manual_levels": 104, "logger_levels": 31, "group": null}}, {"model": "meetnet.screen", "pk": 11, "fields": {"mloc": 11, "well": 11, "nr": 1, "density": 1000.0, "refpnt": -1.24, "depth": 3.0, "top": 2.122, "bottom": 3.122, "diameter": 63.0, "material": "pvc", "chart": "charts/024001.png", "aquifer": null, "manual_levels": 105, "logger_levels": 34, "group": null}}, {"model": "meetnet.screen", "pk": 12, "fields": {"mloc": 12, "well": 12, "nr": 1, "density": 1000.0, "refpnt": 0.111, "depth": 3.0, "top": 1.695, "bottom": 2.695, "diameter": 63.0, "material": "pvc", "chart": "charts/025001.png", "aquifer": null, "manual_levels": 106, "logger_levels": 37, "group": null}}, {"model": "meetnet.screen", "pk": 13, "fields": {"mloc": 13, "well": 13, "nr": 1, "density": 1000.0, "refpnt": -1.351, "depth": 2.41, "top": 1.706, "bottom": 2.706, "diameter": 63.0, "material": "pvc", "chart": "charts/026001.png", "aquifer": null, "manual_levels": 107, "logger_levels": 40, "group": null}}, {"model": "meetnet.screen", "pk": 14, "fields": {"mloc": 14, "well": 14, "nr": 1, "density": 1000.0, "refpnt": -0.97, "depth": 3.0, "top": 2.141, "bottom": 3.141, "diameter": 63.0, "material": "pvc", "chart": "charts/028001.png", "aquifer": null, "manual_levels": 108, "logger_levels": 43, "group": null}}, {"model": "meetnet.screen", "pk": 15, "fields": {"mloc": 15, "well": 15, "nr": 1, "density": 1000.0, "refpnt": -1.421, "depth": 2.41, "top": 1.664, "bottom": 2.664, "diameter": 63.0, "material": "pvc", "chart": "charts/029001.png", "aquifer": null, "manual_levels": 109, "logger_levels": 46, "group": null}}, {"model": "meetnet.screen", "pk": 16, "fields": {"mloc": 16, "well": 16, "nr": 1, "density": 1000.0, "refpnt": -1.417, "depth": 3.0, "top": 2.141, "bottom": 3.141, "diameter": 63.0, "material": "pvc", "chart": "charts/032001.png", "aquifer": null, "manual_levels": 110, "logger_levels": 49, "group": null}}, {"model": "meetnet.screen", "pk": 17, "fields": {"mloc": 17, "well": 17, "nr": 1, "density": 1000.0, "refpnt": -0.851, "depth": 2.33, "top": 1.662, "bottom": 2.662, "diameter": 63.0, "material": "pvc", "chart": "charts/035001.png", "aquifer": null, "manual_levels": 111, "logger_levels": 52, "group": null}}, {"model": "meetnet.screen", "pk": 18, "fields": {"mloc": 18, "well": 18, "nr": 1, "density": 1000.0, "refpnt": -0.96, "depth": 2.99, "top": 2.134, "bottom": 3.134, "diameter": 63.0, "material": "pvc", "chart": "charts/038001.png", "aquifer": null, "manual_levels": 112, "logger_levels": 55, "group": null}}, {"model": "meetnet.screen", "pk": 19, "fields": {"mloc": 19, "well": 19, "nr": 1, "density": 1000.0, "refpnt": -1.137, "depth": 2.95, "top": 2.105, "bottom": 3.105, "diameter": 63.0, "material": "pvc", "chart": "charts/039001.png", "aquifer": null, "manual_levels": 113, "logger_levels": 58, "group": null}}, {"model": "meetnet.screen", "pk": 20, "fields": {"mloc": 20, "well": 20, "nr": 1, "density": 1000.0, "refpnt": -0.74, "depth": 2.49, "top": 1.8, "bottom": 2.8, "diameter": 32.0, "material": "pvc", "chart": "charts/041001.png", "aquifer": null, "manual_levels": 114, "logger_levels": 79, "group": null}}, {"model": "meetnet.screen", "pk": 21, "fields": {"mloc": 21, "well": 21, "nr": 1, "density": 1000.0, "refpnt": -1.445, "depth": 2.99, "top": 2.169, "bottom": 3.169, "diameter": 63.0, "material": "pvc", "chart": "charts/047001.png", "aquifer": null, "manual_levels": 115, "logger_levels": 61, "group": null}}, {"model": "meetnet.screen", "pk": 22, "fields": {"mloc": 22, "well": 22, "nr": 1, "density": 1000.0, "refpnt": -1.03, "depth": 2.43, "top": 1.7, "bottom": 2.7, "diameter": 32.0, "material": "pvc", "chart": "charts/048001.png", "aquifer": null, "manual_levels": 116, "logger_levels": 76, "group": null}}, {"model": "meetnet.screen", "pk": 23, "fields": {"mloc": 23, "well": 23, "nr": 1, "density": 1000.0, "refpnt": -1.307, "depth": 2.4, "top": 1.626, "bottom": 2.626, "diameter": 63.0, "material": "pvc", "chart": "charts/049001.png", "aquifer": null, "manual_levels": 117, "logger_levels": 64, "group": null}}, {"model": "meetnet.screen", "pk": 24, "fields": {"mloc": 24, "well": 24, "nr": 1, "density": 1000.0, "refpnt": -1.36, "depth": 2.78, "top": 2.08, "bottom": 3.08, "diameter": 32.0, "material": "pvc", "chart": "", "aquifer": null, "manual_levels": 118, "logger_levels": 139, "group": null}}, {"model": "meetnet.screen", "pk": 25, "fields": {"mloc": 25, "well": 25, "nr": 1, "density": 1000.0, "refpnt": -1.699, "depth": 2.27, "top": 1.54, "bottom": 2.54, "diameter": 63.0, "material": "pvc", "chart": "charts/051001.png", "aquifer": null, "manual_levels": 119, "logger_levels": 67, "group": null}}, {"model": "meetnet.screen", "pk": 26, "fields": {"mloc": 26, "well": 26, "nr": 1, "density": 1000.0, "refpnt": -1.692, "depth": 1.85, "top": 1.057, "bottom": 2.057, "diameter": 63.0, "material": "pvc", "chart": "charts/052001.png", "aquifer": null, "manual_levels": 120, "logger_levels": 70, "group": null}}, {"model": "meetnet.screen", "pk": 27, "fields": {"mloc": 27, "well": 27, "nr": 1, "density": 1000.0, "refpnt": -1.035, "depth": 2.04, "top": 1.359, "bottom": 2.359, "diameter": 63.0, "material": "pvc", "chart": "charts/053001.png", "aquifer": null, "manual_levels": 121, "logger_levels": 73, "group": null}}, {"model": "meetnet.screen", "pk": 28, "fields": {"mloc": 28, "well": 28, "nr": 1, "density": 1000.0, "refpnt": -0.33, "depth": 2.51, "top": 1.81, "bottom": 2.81, "diameter": 32.0, "material": "pvc", "chart": "charts/055001.png", "aquifer": null, "manual_levels": 122, "logger_levels": 82, "group": null}}, {"model": "meetnet.screen", "pk": 29, "fields": {"mloc": 29, "well": 29, "nr": 1, "density": 1000.0, "refpnt": 0.22, "depth": 2.45, "top": 1.45, "bottom": 2.45, "diameter": 40.0, "material": "pvc", "chart": "charts/928001.png", "aquifer": null, "manual_levels": 127, "logger_levels": 85, "group": null}}, {"model": "meetnet.screen", "pk": 30, "fields": {"mloc": 31, "well": 30, "nr": 1, "density": 1000.0, "refpnt": 3.63, "depth": 18.87, "top": 17.87, "bottom": 18.87, "diameter": 32.0, "material": "pvc", "chart": "", "aquifer": null, "manual_levels": 123, "logger_levels": 136, "group": null}}, {"model": "meetnet.screen", "pk": 31, "fields": {"mloc": 34, "well": 31, "nr": 1, "density": 1000.0, "refpnt": -0.411, "depth": 12.0, "top": 11.0, "bottom": 12.0, "diameter": 32.0, "material": "pvc", "chart": "charts/102001.png", "aquifer": null, "manual_levels": 124, "logger_levels": 94, "group": null}}, {"model": "meetnet.screen", "pk": 32, "fields": {"mloc": 32, "well": 32, "nr": 1, "density": 1000.0, "refpnt": -1.198, "depth": 2.22, "top": 1.22, "bottom": 2.22, "diameter": 32.0, "material": "pvc", "chart": "charts/105001.png", "aquifer": null, "manual_levels": 125, "logger_levels": 88, "group": null}}, {"model": "meetnet.screen", "pk": 33, "fields": {"mloc": 33, "well": 33, "nr": 1, "density": 1000.0, "refpnt": -1.033, "depth": 2.91, "top": 1.91, "bottom": 2.91, "diameter": 32.0, "material": "pvc", "chart": "charts/136001.png", "aquifer": null, "manual_levels": 126, "logger_levels": 91, "group": null}}, {"model": "meetnet.datalogger", "pk": 1, "fields": {"serial": "19082932", "model": "etd2"}}, {"model": "meetnet.datalogger", "pk": 2, "fields": {"serial": "19082901", "model": "etd2"}}, {"model": "meetnet.datalogger", "pk": 3, "fields": {"serial": "19082902", "model": "etd2"}}, {"model": "meetnet.datalogger", "pk": 4, "fields": {"serial": "19082903", "model": "etd2"}}, {"model": "meetnet.datalogger", "pk": 5, "fields": {"serial": "19082904", "model": "etd2"}}, {"model": "meetnet.datalogger", "pk": 6, "fields": {"serial": "19082905", "model": "etd2"}}, {"model": "meetnet.datalogger", "pk": 7, "fields": {"serial": "19082906", "model": "etd2"}}, {"model": "meetnet.datalogger", "pk": 8, "fields": {"serial": "19082907", "model": "etd2"}}, {"model": "meetnet.datalogger", "pk": 9, "fields": {"serial": "19082908", "model": "etd2"}}, {"model": "meetnet.datalogger", "pk": 10, "fields": {"serial": "19082909", "model": "etd2"}}, {"model": "meetnet.datalogger", "pk": 11, "fields": {"serial": "19082910", "model": "etd2"}}, {"model": "meetnet.datalogger", "pk": 12, "fields": {"serial": "19082911", "model": "etd2"}}, {"model": "meetnet.datalogger", "pk": 13, "fields": {"serial": "19082912", "model": "etd2"}}, {"model": "meetnet.datalogger", "pk": 14, "fields": {"serial": "19082913", "model": "etd2"}}, {"model": "meetnet.datalogger", "pk": 15, "fields": {"serial": "19082914", "model": "etd2"}}, {"model": "meetnet.datalogger", "pk": 16, "fields": {"serial": "19082915", "model": "etd2"}}, {"model": "meetnet.datalogger", "pk": 17, "fields": {"serial": "19082916", "model": "etd2"}}, {"model": "meetnet.datalogger", "pk": 18, "fields": {"serial": "19082917", "model": "etd2"}}, {"model": "meetnet.datalogger", "pk": 19, "fields": {"serial": "19082918", "model": "etd2"}}, {"model": "meetnet.datalogger", "pk": 20, "fields": {"serial": "19082919", "model": "etd2"}}, {"model": "meetnet.datalogger", "pk": 21, "fields": {"serial": "19082926", "model": "etd2"}}, {"model": "meetnet.datalogger", "pk": 22, "fields": {"serial": "19082920", "model": "etd2"}}, {"model": "meetnet.datalogger", "pk": 23, "fields": {"serial": "19082925", "model": "etd2"}}, {"model": "meetnet.datalogger", "pk": 24, "fields": {"serial": "19082921", "model": "etd2"}}, {"model": "meetnet.datalogger", "pk": 25, "fields": {"serial": "19082928", "model": "etd2"}}, {"model": "meetnet.datalogger", "pk": 26, "fields": {"serial": "19082922", "model": "etd2"}}, {"model": "meetnet.datalogger", "pk": 27, "fields": {"serial": "19082923", "model": "etd2"}}, {"model": "meetnet.datalogger", "pk": 28, "fields": {"serial": "19082924", "model": "etd2"}}, {"model": "meetnet.datalogger", "pk": 29, "fields": {"serial": "19082927", "model": "etd2"}}, {"model": "meetnet.datalogger", "pk": 30, "fields": {"serial": "19082929", "model": "etd2"}}, {"model": "meetnet.datalogger", "pk": 31, "fields": {"serial": "19082933", "model": "etd2"}}, {"model": "meetnet.datalogger", "pk": 32, "fields": {"serial": "19082930", "model": "etd2"}}, {"model": "meetnet.datalogger", "pk": 33, "fields": {"serial": "19082931", "model": "etd2"}}, {"model": "meetnet.datalogger", "pk": 34, "fields": {"serial": "19091727", "model": "etd2"}}, {"model": "meetnet.loggerpos", "pk": 1, "fields": {"logger": 2, "screen": 1, "start_date": "2019-09-17T22:00:00Z", "end_date": null, "refpnt": -0.068, "depth": 1.92, "remarks": ""}}, {"model": "meetnet.loggerpos", "pk": 2, "fields": {"logger": 3, "screen": 2, "start_date": "2019-09-18T22:00:00Z", "end_date": null, "refpnt": -1.367, "depth": 2.63, "remarks": ""}}, {"model": "meetnet.loggerpos", "pk": 3, "fields": {"logger": 4, "screen": 3, "start_date": "2019-09-18T22:00:00Z", "end_date": null, "refpnt": -0.844, "depth": 2.66, "remarks": ""}}, {"model": "meetnet.loggerpos", "pk": 4, "fields": {"logger": 5, "screen": 4, "start_date": "2019-09-17T22:00:00Z", "end_date": null, "refpnt": -1.211, "depth": 2.86, "remarks": ""}}, {"model": "meetnet.loggerpos", "pk": 5, "fields": {"logger": 6, "screen": 5, "start_date": "2019-09-17T22:00:00Z", "end_date": null, "refpnt": -1.259, "depth": 2.81, "remarks": ""}}, {"model": "meetnet.loggerpos", "pk": 6, "fields": {"logger": 7, "screen": 6, "start_date": "2019-09-18T22:00:00Z", "end_date": null, "refpnt": -1.165, "depth": 2.69, "remarks": ""}}, {"model": "meetnet.loggerpos", "pk": 7, "fields": {"logger": 8, "screen": 7, "start_date": "2019-09-18T22:00:00Z", "end_date": null, "refpnt": -1.387, "depth": 2.17, "remarks": ""}}, {"model": "meetnet.loggerpos", "pk": 8, "fields": {"logger": 9, "screen": 8, "start_date": "2019-09-17T22:00:00Z", "end_date": null, "refpnt": -0.208, "depth": 2.14, "remarks": ""}}, {"model": "meetnet.loggerpos", "pk": 9, "fields": {"logger": 10, "screen": 9, "start_date": "2019-09-17T22:00:00Z", "end_date": null, "refpnt": -0.942, "depth": 2.18, "remarks": ""}}, {"model": "meetnet.loggerpos", "pk": 10, "fields": {"logger": 11, "screen": 10, "start_date": "2019-09-17T22:00:00Z", "end_date": null, "refpnt": -1.338, "depth": 2.72, "remarks": ""}}, {"model": "meetnet.loggerpos", "pk": 11, "fields": {"logger": 12, "screen": 11, "start_date": "2019-09-17T22:00:00Z", "end_date": null, "refpnt": -1.24, "depth": 2.77, "remarks": ""}}, {"model": "meetnet.loggerpos", "pk": 12, "fields": {"logger": 13, "screen": 12, "start_date": "2019-09-18T22:00:00Z", "end_date": null, "refpnt": 0.111, "depth": 2.76, "remarks": ""}}, {"model": "meetnet.loggerpos", "pk": 13, "fields": {"logger": 14, "screen": 13, "start_date": "2019-09-18T22:00:00Z", "end_date": null, "refpnt": -1.351, "depth": 2.16, "remarks": ""}}, {"model": "meetnet.loggerpos", "pk": 14, "fields": {"logger": 15, "screen": 14, "start_date": "2019-09-18T22:00:00Z", "end_date": null, "refpnt": -0.97, "depth": 2.9, "remarks": ""}}, {"model": "meetnet.loggerpos", "pk": 15, "fields": {"logger": 16, "screen": 15, "start_date": "2019-09-18T22:00:00Z", "end_date": null, "refpnt": -1.421, "depth": 2.16, "remarks": ""}}, {"model": "meetnet.loggerpos", "pk": 16, "fields": {"logger": 17, "screen": 16, "start_date": "2019-09-18T22:00:00Z", "end_date": null, "refpnt": -1.417, "depth": 2.81, "remarks": ""}}, {"model": "meetnet.loggerpos", "pk": 17, "fields": {"logger": 18, "screen": 17, "start_date": "2019-09-18T22:00:00Z", "end_date": null, "refpnt": -0.851, "depth": 2.14, "remarks": ""}}, {"model": "meetnet.loggerpos", "pk": 18, "fields": {"logger": 19, "screen": 18, "start_date": "2019-09-18T22:00:00Z", "end_date": null, "refpnt": -0.96, "depth": 2.73, "remarks": ""}}, {"model": "meetnet.loggerpos", "pk": 19, "fields": {"logger": 20, "screen": 19, "start_date": "2019-09-18T22:00:00Z", "end_date": null, "refpnt": -1.137, "depth": 2.76, "remarks": ""}}, {"model": "meetnet.loggerpos", "pk": 20, "fields": {"logger": 21, "screen": 20, "start_date": "2019-09-17T22:00:00Z", "end_date": null, "refpnt": -0.74, "depth": 2.28, "remarks": ""}}, {"model": "meetnet.loggerpos", "pk": 21, "fields": {"logger": 22, "screen": 21, "start_date": "2019-09-17T22:00:00Z", "end_date": null, "refpnt": -1.445, "depth": 2.69, "remarks": ""}}, {"model": "meetnet.loggerpos", "pk": 22, "fields": {"logger": 23, "screen": 22, "start_date": "2019-09-17T22:00:00Z", "end_date": null, "refpnt": -1.03, "depth": 2.13, "remarks": ""}}, {"model": "meetnet.loggerpos", "pk": 23, "fields": {"logger": 24, "screen": 23, "start_date": "2019-09-17T22:00:00Z", "end_date": null, "refpnt": -1.307, "depth": 2.16, "remarks": ""}}, {"model": "meetnet.loggerpos", "pk": 24, "fields": {"logger": 25, "screen": 24, "start_date": "2019-09-17T22:00:00Z", "end_date": null, "refpnt": -1.36, "depth": 2.62, "remarks": ""}}, {"model": "meetnet.loggerpos", "pk": 25, "fields": {"logger": 26, "screen": 25, "start_date": "2019-09-17T22:00:00Z", "end_date": null, "refpnt": -1.699, "depth": 2.09, "remarks": ""}}, {"model": "meetnet.loggerpos", "pk": 26, "fields": {"logger": 27, "screen": 26, "start_date": "2019-09-17T22:00:00Z", "end_date": null, "refpnt": -1.692, "depth": 1.77, "remarks": ""}}, {"model": "meetnet.loggerpos", "pk": 27, "fields": {"logger": 28, "screen": 27, "start_date": "2019-09-17T22:00:00Z", "end_date": null, "refpnt": -1.035, "depth": 1.84, "remarks": ""}}, {"model": "meetnet.loggerpos", "pk": 28, "fields": {"logger": 29, "screen": 28, "start_date": "2019-09-17T22:00:00Z", "end_date": null, "refpnt": -0.33, "depth": 2.32, "remarks": ""}}, {"model": "meetnet.loggerpos", "pk": 29, "fields": {"logger": 30, "screen": 29, "start_date": "2019-09-17T22:00:00Z", "end_date": null, "refpnt": 0.22, "depth": 2.4, "remarks": ""}}, {"model": "meetnet.loggerpos", "pk": 30, "fields": {"logger": 34, "screen": 30, "start_date": "2019-09-18T22:00:00Z", "end_date": null, "refpnt": 3.63, "depth": 9.31, "remarks": ""}}, {"model": "meetnet.loggerpos", "pk": 31, "fields": {"logger": 31, "screen": 31, "start_date": "2019-09-18T22:00:00Z", "end_date": null, "refpnt": -0.411, "depth": 4.71, "remarks": ""}}, {"model": "meetnet.loggerpos", "pk": 32, "fields": {"logger": 32, "screen": 32, "start_date": "2019-09-18T22:00:00Z", "end_date": null, "refpnt": -1.198, "depth": 1.95, "remarks": ""}}, {"model": "meetnet.loggerpos", "pk": 33, "fields": {"logger": 33, "screen": 33, "start_date": "2019-09-18T22:00:00Z", "end_date": null, "refpnt": -1.033, "depth": 2.64, "remarks": ""}}, {"model": "meetnet.loggerstat", "pk": 1, "fields": {"loggerpos": 30, "count": 983, "min": -0.3862, "p10": -0.25736, "p50": -0.1433, "p90": -0.0364, "max": 0.0604, "std": 0.0832729011031869}}, {"model": "meetnet.loggerstat", "pk": 2, "fields": {"loggerpos": 8, "count": 1109, "min": -0.8912, "p10": -0.85722, "p50": -0.3804, "p90": -0.20908, "max": -0.1055, "std": 0.209327403704994}}, {"model": "meetnet.loggerstat", "pk": 3, "fields": {"loggerpos": 17, "count": 1109, "min": -1.8841, "p10": -1.8622, "p50": -1.6428, "p90": -1.57236, "max": -0.7816, "std": 0.104384478364702}}, {"model": "meetnet.loggerstat", "pk": 4, "fields": {"loggerpos": 31, "count": 1109, "min": -1.2371, "p10": -1.19386, "p50": -1.1412, "p90": -1.11194, "max": -1.0904, "std": 0.032714282116188}}, {"model": "meetnet.loggerstat", "pk": 5, "fields": {"loggerpos": 29, "count": 1109, "min": -1.8276, "p10": -1.82474, "p50": -1.5986, "p90": -1.5191, "max": -1.5062, "std": 0.119294670381202}}, {"model": "meetnet.loggerstat", "pk": 6, "fields": {"loggerpos": 10, "count": 1109, "min": -2.1928, "p10": -2.13252, "p50": -1.8642, "p90": -1.80246, "max": -1.7447, "std": 0.119089087922968}}, {"model": "meetnet.loggerstat", "pk": 7, "fields": {"loggerpos": 33, "count": 1109, "min": -2.1045, "p10": -2.07596, "p50": -1.8351, "p90": -1.73608, "max": -1.6735, "std": 0.119280613220642}}, {"model": "meetnet.loggerstat", "pk": 8, "fields": {"loggerpos": 11, "count": 983, "min": -2.2588, "p10": -2.23058, "p50": -2.0633, "p90": -1.98558, "max": -1.9081, "std": 0.0878075067232457}}, {"model": "meetnet.loggerstat", "pk": 9, "fields": {"loggerpos": 24, "count": 856, "min": -1.9137, "p10": -1.8668, "p50": -1.71185, "p90": -1.5965, "max": -1.5518, "std": 0.0966892741691455}}, {"model": "meetnet.loggerstat", "pk": 10, "fields": {"loggerpos": 1, "count": 993, "min": -0.6761, "p10": -0.5154, "p50": -0.3038, "p90": -0.1557, "max": -0.0346, "std": 0.138171554016384}}, {"model": "meetnet.loggerstat", "pk": 11, "fields": {"loggerpos": 15, "count": 1109, "min": -2.051, "p10": -2.01364, "p50": -1.7366, "p90": -1.66174, "max": -1.5888, "std": 0.113264500215409}}, {"model": "meetnet.loggerstat", "pk": 12, "fields": {"loggerpos": 2, "count": 1109, "min": -1.7831, "p10": -1.72162, "p50": -1.5418, "p90": -1.3718, "max": -1.2718, "std": 0.122371801767892}}, {"model": "meetnet.loggerstat", "pk": 13, "fields": {"loggerpos": 4, "count": 983, "min": -2.0945, "p10": -2.02778, "p50": -1.9177, "p90": -1.85524, "max": -1.7733, "std": 0.0645132494033561}}, {"model": "meetnet.loggerstat", "pk": 14, "fields": {"loggerpos": 21, "count": 1109, "min": -2.4035, "p10": -2.38952, "p50": -2.2306, "p90": -2.1918, "max": -2.1782, "std": 0.0669162834910152}}, {"model": "meetnet.loggerstat", "pk": 15, "fields": {"loggerpos": 12, "count": 1109, "min": -0.9396, "p10": -0.86012, "p50": -0.568, "p90": -0.46908, "max": -0.4076, "std": 0.142979261086502}}, {"model": "meetnet.loggerstat", "pk": 16, "fields": {"loggerpos": 3, "count": 1109, "min": -1.6782, "p10": -1.62952, "p50": -1.3753, "p90": -1.30064, "max": -1.2652, "std": 0.11118568170057}}, {"model": "meetnet.loggerstat", "pk": 17, "fields": {"loggerpos": 18, "count": 1109, "min": -2.0003, "p10": -1.92802, "p50": -1.802, "p90": -1.7389, "max": -1.5773, "std": 0.0841321896319517}}, {"model": "meetnet.loggerstat", "pk": 18, "fields": {"loggerpos": 7, "count": 1109, "min": -2.9789, "p10": -2.9658, "p50": -2.8577, "p90": -2.77528, "max": -2.587, "std": 0.0705640382803864}}, {"model": "meetnet.loggerstat", "pk": 19, "fields": {"loggerpos": 6, "count": 1109, "min": -1.8778, "p10": -1.82082, "p50": -1.6192, "p90": -1.53746, "max": -1.4714, "std": 0.102131007594186}}, {"model": "meetnet.loggerstat", "pk": 20, "fields": {"loggerpos": 5, "count": 1109, "min": -2.07, "p10": -2.02404, "p50": -1.7064, "p90": -1.646, "max": -1.567, "std": 0.12932919692956}}, {"model": "meetnet.loggerstat", "pk": 21, "fields": {"loggerpos": 26, "count": 1109, "min": -2.3559, "p10": -2.2881, "p50": -2.1298, "p90": -2.03822, "max": -1.9499, "std": 0.0942006212330246}}, {"model": "meetnet.loggerstat", "pk": 22, "fields": {"loggerpos": 9, "count": 1109, "min": -1.8213, "p10": -1.80566, "p50": -1.5368, "p90": -1.47726, "max": -1.4449, "std": 0.109854490267998}}, {"model": "meetnet.loggerstat", "pk": 23, "fields": {"loggerpos": 19, "count": 1109, "min": -1.8095, "p10": -1.7778, "p50": -1.713, "p90": -1.67058, "max": -1.6322, "std": 0.0428439466599607}}, {"model": "meetnet.loggerstat", "pk": 24, "fields": {"loggerpos": 32, "count": 1109, "min": -2.2726, "p10": -2.2645, "p50": -2.1886, "p90": -2.1497, "max": -2.1267, "std": 0.0413777045676759}}, {"model": "meetnet.loggerstat", "pk": 25, "fields": {"loggerpos": 13, "count": 1109, "min": -1.9967, "p10": -1.97234, "p50": -1.5128, "p90": -1.36632, "max": -1.2538, "std": 0.211848828556287}}, {"model": "meetnet.loggerstat", "pk": 26, "fields": {"loggerpos": 25, "count": 1109, "min": -2.5205, "p10": -2.5129, "p50": -2.2315, "p90": -2.18792, "max": -2.1173, "std": 0.112221988911673}}, {"model": "meetnet.loggerstat", "pk": 27, "fields": {"loggerpos": 20, "count": 893, "min": -1.6755, "p10": -1.6546, "p50": -1.4153, "p90": -1.28202, "max": -1.2145, "std": 0.133152636849721}}, {"model": "meetnet.loggerstat", "pk": 28, "fields": {"loggerpos": 14, "count": 1109, "min": -2.8334, "p10": -2.81766, "p50": -2.6465, "p90": -2.55336, "max": -2.5371, "std": 0.0972119593712249}}, {"model": "meetnet.loggerstat", "pk": 29, "fields": {"loggerpos": 16, "count": 1109, "min": -1.9284, "p10": -1.8559, "p50": -1.6521, "p90": -1.50486, "max": -1.3534, "std": 0.121781854023831}}, {"model": "meetnet.loggerstat", "pk": 30, "fields": {"loggerpos": 22, "count": 1109, "min": -1.8232, "p10": -1.81134, "p50": -1.3263, "p90": -1.19012, "max": -1.038, "std": 0.214642536394194}}, {"model": "meetnet.loggerstat", "pk": 31, "fields": {"loggerpos": 23, "count": 1109, "min": -1.8737, "p10": -1.83052, "p50": -1.4948, "p90": -1.307, "max": -1.1851, "std": 0.173470981450838}}, {"model": "meetnet.loggerstat", "pk": 32, "fields": {"loggerpos": 27, "count": 1109, "min": -1.6705, "p10": -1.59108, "p50": -1.394, "p90": -1.29586, "max": -1.2145, "std": 0.105735805074104}}, {"model": "meetnet.loggerstat", "pk": 33, "fields": {"loggerpos": 28, "count": 1109, "min": -1.0672, "p10": -1.04526, "p50": -0.8175, "p90": -0.6871, "max": -0.5744, "std": 0.127267845366172}}, {"model": "meetnet.loggerdatasource", "pk": 2, "fields": {"logger": 2, "locations": [1]}}, {"model": "meetnet.loggerdatasource", "pk": 3, "fields": {"logger": 3, "locations": [2]}}, {"model": "meetnet.loggerdatasource", "pk": 4, "fields": {"logger": 4, "locations": [3]}}, {"model": "meetnet.loggerdatasource", "pk": 5, "fields": {"logger": 5, "locations": [4]}}, {"model": "meetnet.loggerdatasource", "pk": 6, "fields": {"logger": 6, "locations": [5]}}, {"model": "meetnet.loggerdatasource", "pk": 7, "fields": {"logger": 7, "locations": [6]}}, {"model": "meetnet.loggerdatasource", "pk": 8, "fields": {"logger": 8, "locations": [7]}}, {"model": "meetnet.loggerdatasource", "pk": 9, "fields": {"logger": 9, "locations": [8]}}, {"model": "meetnet.loggerdatasource", "pk": 10, "fields": {"logger": 10, "locations": [9]}}, {"model": "meetnet.loggerdatasource", "pk": 11, "fields": {"logger": 11, "locations": [10]}}, {"model": "meetnet.loggerdatasource", "pk": 12, "fields": {"logger": 12, "locations": [11]}}, {"model": "meetnet.loggerdatasource", "pk": 13, "fields": {"logger": 13, "locations": [12]}}, {"model": "meetnet.loggerdatasource", "pk": 14, "fields": {"logger": 14, "locations": [13]}}, {"model": "meetnet.loggerdatasource", "pk": 15, "fields": {"logger": 15, "locations": [14]}}, {"model": "meetnet.loggerdatasource", "pk": 16, "fields": {"logger": 16, "locations": [15]}}, {"model": "meetnet.loggerdatasource", "pk": 17, "fields": {"logger": 17, "locations": [16]}}, {"model": "meetnet.loggerdatasource", "pk": 18, "fields": {"logger": 18, "locations": [17]}}, {"model": "meetnet.loggerdatasource", "pk": 19, "fields": {"logger": 19, "locations": [18]}}, {"model": "meetnet.loggerdatasource", "pk": 20, "fields": {"logger": 20, "locations": [19]}}, {"model": "meetnet.loggerdatasource", "pk": 22, "fields": {"logger": 22, "locations": [21]}}, {"model": "meetnet.loggerdatasource", "pk": 24, "fields": {"logger": 24, "locations": [23]}}, {"model": "meetnet.loggerdatasource", "pk": 26, "fields": {"logger": 26, "locations": [25]}}, {"model": "meetnet.loggerdatasource", "pk": 27, "fields": {"logger": 27, "locations": [26]}}, {"model": "meetnet.loggerdatasource", "pk": 28, "fields": {"logger": 28, "locations": [27]}}, {"model": "meetnet.loggerdatasource", "pk": 23, "fields": {"logger": 23, "locations": [22]}}, {"model": "meetnet.loggerdatasource", "pk": 21, "fields": {"logger": 21, "locations": [20]}}, {"model": "meetnet.loggerdatasource", "pk": 29, "fields": {"logger": 29, "locations": [28]}}, {"model": "meetnet.loggerdatasource", "pk": 25, "fields": {"logger": 25, "locations": [24]}}, {"model": "meetnet.loggerdatasource", "pk": 30, "fields": {"logger": 30, "locations": [29]}}, {"model": "meetnet.loggerdatasource", "pk": 32, "fields": {"logger": 32, "locations": [32]}}, {"model": "meetnet.loggerdatasource", "pk": 33, "fields": {"logger": 33, "locations": [33]}}, {"model": "meetnet.loggerdatasource", "pk": 31, "fields": {"logger": 31, "locations": [34]}}, {"model": "meetnet.loggerdatasource", "pk": 37, "fields": {"logger": 34, "locations": []}}, {"model": "meetnet.handpeilingen", "pk": 95, "fields": {"screen": 1, "refpnt": "bkb"}}, {"model": "meetnet.handpeilingen", "pk": 96, "fields": {"screen": 2, "refpnt": "bkb"}}, {"model": "meetnet.handpeilingen", "pk": 97, "fields": {"screen": 3, "refpnt": "bkb"}}, {"model": "meetnet.handpeilingen", "pk": 98, "fields": {"screen": 4, "refpnt": "bkb"}}, {"model": "meetnet.handpeilingen", "pk": 99, "fields": {"screen": 5, "refpnt": "bkb"}}, {"model": "meetnet.handpeilingen", "pk": 100, "fields": {"screen": 6, "refpnt": "bkb"}}, {"model": "meetnet.handpeilingen", "pk": 101, "fields": {"screen": 7, "refpnt": "bkb"}}, {"model": "meetnet.handpeilingen", "pk": 102, "fields": {"screen": 8, "refpnt": "bkb"}}, {"model": "meetnet.handpeilingen", "pk": 103, "fields": {"screen": 9, "refpnt": "bkb"}}, {"model": "meetnet.handpeilingen", "pk": 104, "fields": {"screen": 10, "refpnt": "bkb"}}, {"model": "meetnet.handpeilingen", "pk": 105, "fields": {"screen": 11, "refpnt": "bkb"}}, {"model": "meetnet.handpeilingen", "pk": 106, "fields": {"screen": 12, "refpnt": "bkb"}}, {"model": "meetnet.handpeilingen", "pk": 107, "fields": {"screen": 13, "refpnt": "bkb"}}, {"model": "meetnet.handpeilingen", "pk": 108, "fields": {"screen": 14, "refpnt": "bkb"}}, {"model": "meetnet.handpeilingen", "pk": 109, "fields": {"screen": 15, "refpnt": "bkb"}}, {"model": "meetnet.handpeilingen", "pk": 110, "fields": {"screen": 16, "refpnt": "bkb"}}, {"model": "meetnet.handpeilingen", "pk": 111, "fields": {"screen": 17, "refpnt": "bkb"}}, {"model": "meetnet.handpeilingen", "pk": 112, "fields": {"screen": 18, "refpnt": "bkb"}}, {"model": "meetnet.handpeilingen", "pk": 113, "fields": {"screen": 19, "refpnt": "bkb"}}, {"model": "meetnet.handpeilingen", "pk": 114, "fields": {"screen": 20, "refpnt": "bkb"}}, {"model": "meetnet.handpeilingen", "pk": 115, "fields": {"screen": 21, "refpnt": "bkb"}}, {"model": "meetnet.handpeilingen", "pk": 116, "fields": {"screen": 22, "refpnt": "bkb"}}, {"model": "meetnet.handpeilingen", "pk": 117, "fields": {"screen": 23, "refpnt": "bkb"}}, {"model": "meetnet.handpeilingen", "pk": 118, "fields": {"screen": 24, "refpnt": "bkb"}}, {"model": "meetnet.handpeilingen", "pk": 119, "fields": {"screen": 25, "refpnt": "bkb"}}, {"model": "meetnet.handpeilingen", "pk": 120, "fields": {"screen": 26, "refpnt": "bkb"}}, {"model": "meetnet.handpeilingen", "pk": 121, "fields": {"screen": 27, "refpnt": "bkb"}}, {"model": "meetnet.handpeilingen", "pk": 122, "fields": {"screen": 28, "refpnt": "bkb"}}, {"model": "meetnet.handpeilingen", "pk": 123, "fields": {"screen": 30, "refpnt": "bkb"}}, {"model": "meetnet.handpeilingen", "pk": 124, "fields": {"screen": 31, "refpnt": "bkb"}}, {"model": "meetnet.handpeilingen", "pk": 125, "fields": {"screen": 32, "refpnt": "bkb"}}, {"model": "meetnet.handpeilingen", "pk": 126, "fields": {"screen": 33, "refpnt": "bkb"}}, {"model": "meetnet.handpeilingen", "pk": 127, "fields": {"screen": 29, "refpnt": "bkb"}}, {"model": "bro.mapsheet", "pk": 1, "fields": {"area": 125000000.0, "perimeter": 45000.0, "topo_2561_field": 2, "topo_25611": 364, "bladnaam": "Oosterbuitengronden", "nr": 2, "ltr": "E", "district": "NO", "blad": "2E", "geom": "SRID=28992;POLYGON ((200000 612500, 200000 625000, 210000 625000, 210000 612500, 200000 612500))"}}, {"model": "bro.mapsheet", "pk": 2, "fields": {"area": 125000000.0, "perimeter": 45000.0, "topo_2561_field": 3, "topo_25611": 364, "bladnaam": "Balg", "nr": 2, "ltr": "F", "district": "NO", "blad": "2F", "geom": "SRID=28992;POLYGON ((210000 625000, 220000 625000, 220000 612500, 210000 612500, 210000 625000))"}}, {"model": "bro.mapsheet", "pk": 3, "fields": {"area": 125000000.0, "perimeter": 45000.0, "topo_2561_field": 4, "topo_25611": 364, "bladnaam": "Rottumerplaat", "nr": 3, "ltr": "A", "district": "NO", "blad": "3A", "geom": "SRID=28992;POLYGON ((220000 625000, 230000 625000, 230000 612500, 220000 612500, 220000 625000))"}}, {"model": "bro.mapsheet", "pk": 4, "fields": {"area": 125000000.0, "perimeter": 45000.0, "topo_2561_field": 5, "topo_25611": 364, "bladnaam": "Rottumeroog", "nr": 3, "ltr": "B", "district": "NO", "blad": "3B", "geom": "SRID=28992;POLYGON ((230000 625000, 240000 625000, 240000 612500, 230000 612500, 230000 625000))"}}, {"model": "bro.mapsheet", "pk": 5, "fields": {"area": 125000000.0, "perimeter": 45000.0, "topo_2561_field": 6, "topo_25611": 364, "bladnaam": "Borkum", "nr": 3, "ltr": "E", "district": "NO", "blad": "3E", "geom": "SRID=28992;POLYGON ((240000 612500, 240000 625000, 250000 625000, 250000 612500, 240000 612500))"}}, {"model": "bro.mapsheet", "pk": 6, "fields": {"area": 125000000.0, "perimeter": 45000.0, "topo_2561_field": 7, "topo_25611": 372, "bladnaam": "Landerum", "nr": 1, "ltr": "C", "district": "NO", "blad": "1C", "geom": "SRID=28992;POLYGON ((140000 600000, 140000 612500, 150000 612500, 150000 600000, 140000 600000))"}}, {"model": "bro.mapsheet", "pk": 7, "fields": {"area": 125000000.0, "perimeter": 45000.0, "topo_2561_field": 8, "topo_25611": 373, "bladnaam": "Oosterend", "nr": 1, "ltr": "D", "district": "NO", "blad": "1D", "geom": "SRID=28992;POLYGON ((150000 612500, 160000 612500, 160000 600000, 150000 600000, 150000 612500))"}}, {"model": "bro.mapsheet", "pk": 8, "fields": {"area": 125000000.0, "perimeter": 45000.0, "topo_2561_field": 9, "topo_25611": 374, "bladnaam": "Boschplaat", "nr": 1, "ltr": "G", "district": "NO", "blad": "1G", "geom": "SRID=28992;POLYGON ((160000 612500, 170000 612500, 170000 600000, 160000 600000, 160000 612500))"}}, {"model": "bro.mapsheet", "pk": 9, "fields": {"area": 125000000.0, "perimeter": 45000.0, "topo_2561_field": 10, "topo_25611": 375, "bladnaam": "Hollum", "nr": 1, "ltr": "H", "district": "NO", "blad": "1H", "geom": "SRID=28992;POLYGON ((170000 612500, 180000 612500, 180000 600000, 170000 600000, 170000 612500))"}}, {"model": "bro.mapsheet", "pk": 10, "fields": {"area": 125000000.0, "perimeter": 45000.0, "topo_2561_field": 11, "topo_25611": 362, "bladnaam": "Buren", "nr": 2, "ltr": "C", "district": "NO", "blad": "2C", "geom": "SRID=28992;POLYGON ((180000 612500, 190000 612500, 190000 600000, 180000 600000, 180000 612500))"}}, {"model": "bro.mapsheet", "pk": 11, "fields": {"area": 125000000.0, "perimeter": 45000.0, "topo_2561_field": 12, "topo_25611": 362, "bladnaam": "Wierum", "nr": 2, "ltr": "D", "district": "NO", "blad": "2D", "geom": "SRID=28992;POLYGON ((190000 612500, 200000 612500, 200000 600000, 190000 600000, 190000 612500))"}}, {"model": "bro.mapsheet", "pk": 12, "fields": {"area": 125000000.0, "perimeter": 45000.0, "topo_2561_field": 13, "topo_25611": 363, "bladnaam": "Schiermonnikoog", "nr": 2, "ltr": "G", "district": "NO", "blad": "2G", "geom": "SRID=28992;POLYGON ((200000 612500, 210000 612500, 210000 600000, 200000 600000, 200000 612500))"}}, {"model": "bro.mapsheet", "pk": 13, "fields": {"area": 125000000.0, "perimeter": 45000.0, "topo_2561_field": 14, "topo_25611": 363, "bladnaam": "Hornhuizen", "nr": 2, "ltr": "H", "district": "NO", "blad": "2H", "geom": "SRID=28992;POLYGON ((210000 612500, 220000 612500, 220000 600000, 210000 600000, 210000 612500))"}}, {"model": "bro.mapsheet", "pk": 14, "fields": {"area": 125000000.0, "perimeter": 45000.0, "topo_2561_field": 15, "topo_25611": 7, "bladnaam": "Pietersburen", "nr": 3, "ltr": "C", "district": "NO", "blad": "3C", "geom": "SRID=28992;POLYGON ((220000 612500, 230000 612500, 230000 600000, 220000 600000, 220000 612500))"}}, {"model": "bro.mapsheet", "pk": 15, "fields": {"area": 125000000.0, "perimeter": 45000.0, "topo_2561_field": 16, "topo_25611": 8, "bladnaam": "Usquert", "nr": 3, "ltr": "D", "district": "NO", "blad": "3D", "geom": "SRID=28992;POLYGON ((230000 612500, 240000 612500, 240000 600000, 230000 600000, 230000 612500))"}}, {"model": "bro.mapsheet", "pk": 16, "fields": {"area": 125000000.0, "perimeter": 45000.0, "topo_2561_field": 17, "topo_25611": 365, "bladnaam": "Uithuizen", "nr": 3, "ltr": "G", "district": "NO", "blad": "3G", "geom": "SRID=28992;POLYGON ((240000 612500, 250000 612500, 250000 600000, 240000 600000, 240000 612500))"}}, {"model": "bro.mapsheet", "pk": 17, "fields": {"area": 125000000.0, "perimeter": 45000.0, "topo_2561_field": 18, "topo_25611": 365, "bladnaam": "Bierum", "nr": 3, "ltr": "H", "district": "NO", "blad": "3H", "geom": "SRID=28992;POLYGON ((250000 600000, 250000 612500, 260000 612500, 260000 600000, 250000 600000))"}}, {"model": "bro.mapsheet", "pk": 18, "fields": {"area": 125000000.0, "perimeter": 45000.0, "topo_2561_field": 19, "topo_25611": 376, "bladnaam": "Vianensvallei", "nr": 4, "ltr": "E", "district": "NO", "blad": "4E", "geom": "SRID=28992;POLYGON ((120000 587500, 120000 600000, 130000 600000, 130000 587500, 120000 587500))"}}, {"model": "bro.mapsheet", "pk": 19, "fields": {"area": 125000000.0, "perimeter": 45000.0, "topo_2561_field": 20, "topo_25611": 377, "bladnaam": "Oost-Vlieland", "nr": 4, "ltr": "F", "district": "NO", "blad": "4F", "geom": "SRID=28992;POLYGON ((130000 600000, 140000 600000, 140000 587500, 130000 587500, 130000 600000))"}}, {"model": "bro.mapsheet", "pk": 20, "fields": {"area": 125000000.0, "perimeter": 45000.0, "topo_2561_field": 21, "topo_25611": 378, "bladnaam": "West-Terschelling", "nr": 5, "ltr": "A", "district": "NO", "blad": "5A", "geom": "SRID=28992;POLYGON ((140000 600000, 150000 600000, 150000 587500, 140000 587500, 140000 600000))"}}, {"model": "bro.mapsheet", "pk": 21, "fields": {"area": 125000000.0, "perimeter": 45000.0, "topo_2561_field": 22, "topo_25611": 379, "bladnaam": "", "nr": 5, "ltr": "B", "district": "NO", "blad": "5B", "geom": "SRID=28992;POLYGON ((150000 600000, 160000 600000, 160000 587500, 150000 587500, 150000 600000))"}}, {"model": "bro.mapsheet", "pk": 22, "fields": {"area": 125000000.0, "perimeter": 45000.0, "topo_2561_field": 23, "topo_25611": 380, "bladnaam": "Oud Bildt", "nr": 5, "ltr": "E", "district": "NO", "blad": "5E", "geom": "SRID=28992;POLYGON ((160000 600000, 170000 600000, 170000 587500, 160000 587500, 160000 600000))"}}, {"model": "bro.mapsheet", "pk": 23, "fields": {"area": 125000000.0, "perimeter": 45000.0, "topo_2561_field": 24, "topo_25611": 381, "bladnaam": "Sint Annaparochie", "nr": 5, "ltr": "F", "district": "NO", "blad": "5F", "geom": "SRID=28992;POLYGON ((170000 600000, 180000 600000, 180000 587500, 170000 587500, 170000 600000))"}}, {"model": "bro.mapsheet", "pk": 24, "fields": {"area": 125000000.0, "perimeter": 45000.0, "topo_2561_field": 25, "topo_25611": 13, "bladnaam": "Birdaard", "nr": 6, "ltr": "A", "district": "NO", "blad": "6A", "geom": "SRID=28992;POLYGON ((180000 600000, 190000 600000, 190000 587500, 180000 587500, 180000 600000))"}}, {"model": "bro.mapsheet", "pk": 25, "fields": {"area": 125000000.0, "perimeter": 45000.0, "topo_2561_field": 26, "topo_25611": 14, "bladnaam": "Dokkum", "nr": 6, "ltr": "B", "district": "NO", "blad": "6B", "geom": "SRID=28992;POLYGON ((190000 600000, 200000 600000, 200000 587500, 190000 587500, 190000 600000))"}}, {"model": "bro.mapsheet", "pk": 26, "fields": {"area": 125000000.0, "perimeter": 45000.0, "topo_2561_field": 27, "topo_25611": 15, "bladnaam": "Kollum", "nr": 6, "ltr": "E", "district": "NO", "blad": "6E", "geom": "SRID=28992;POLYGON ((200000 600000, 210000 600000, 210000 587500, 200000 587500, 200000 600000))"}}, {"model": "bro.mapsheet", "pk": 27, "fields": {"area": 125000000.0, "perimeter": 45000.0, "topo_2561_field": 28, "topo_25611": 16, "bladnaam": "Zoutkamp", "nr": 6, "ltr": "F", "district": "NO", "blad": "6F", "geom": "SRID=28992;POLYGON ((210000 600000, 220000 600000, 220000 587500, 210000 587500, 210000 600000))"}}, {"model": "bro.mapsheet", "pk": 28, "fields": {"area": 125000000.0, "perimeter": 45000.0, "topo_2561_field": 29, "topo_25611": 17, "bladnaam": "Ezinge", "nr": 7, "ltr": "A", "district": "NO", "blad": "7A", "geom": "SRID=28992;POLYGON ((220000 600000, 230000 600000, 230000 587500, 220000 587500, 220000 600000))"}}, {"model": "bro.mapsheet", "pk": 29, "fields": {"area": 125000000.0, "perimeter": 45000.0, "topo_2561_field": 30, "topo_25611": 18, "bladnaam": "Bedum", "nr": 7, "ltr": "B", "district": "NO", "blad": "7B", "geom": "SRID=28992;POLYGON ((230000 600000, 240000 600000, 240000 587500, 230000 587500, 230000 600000))"}}, {"model": "bro.mapsheet", "pk": 30, "fields": {"area": 125000000.0, "perimeter": 45000.0, "topo_2561_field": 31, "topo_25611": 19, "bladnaam": "Loppersum", "nr": 7, "ltr": "E", "district": "NO", "blad": "7E", "geom": "SRID=28992;POLYGON ((240000 600000, 250000 600000, 250000 587500, 240000 587500, 240000 600000))"}}, {"model": "bro.mapsheet", "pk": 31, "fields": {"area": 125000000.0, "perimeter": 45000.0, "topo_2561_field": 32, "topo_25611": 20, "bladnaam": "Delfzijl", "nr": 7, "ltr": "F", "district": "NO", "blad": "7F", "geom": "SRID=28992;POLYGON ((250000 600000, 260000 600000, 260000 587500, 250000 587500, 250000 600000))"}}, {"model": "bro.mapsheet", "pk": 32, "fields": {"area": 125000000.0, "perimeter": 45000.0, "topo_2561_field": 33, "topo_25611": 314, "bladnaam": "Woldendorp", "nr": 8, "ltr": "A", "district": "NO", "blad": "8A", "geom": "SRID=28992;POLYGON ((260000 600000, 270000 600000, 270000 587500, 260000 587500, 260000 600000))"}}, {"model": "bro.mapsheet", "pk": 33, "fields": {"area": 125000000.0, "perimeter": 45000.0, "topo_2561_field": 34, "topo_25611": 314, "bladnaam": "Heringsplaat", "nr": 8, "ltr": "B", "district": "NO", "blad": "8B", "geom": "SRID=28992;POLYGON ((270000 587500, 270000 600000, 280000 600000, 280000 587500, 270000 587500))"}}, {"model": "bro.mapsheet", "pk": 34, "fields": {"area": 125000000.0, "perimeter": 45000.0, "topo_2561_field": 35, "topo_25611": 382, "bladnaam": "Eierlandsche Duinen", "nr": 4, "ltr": "D", "district": "W", "blad": "4D", "geom": "SRID=28992;POLYGON ((110000 575000, 110000 587500, 120000 587500, 120000 575000, 110000 575000))"}}, {"model": "bro.mapsheet", "pk": 35, "fields": {"area": 125000000.0, "perimeter": 45000.0, "topo_2561_field": 36, "topo_25611": 383, "bladnaam": "West-Vlieland", "nr": 4, "ltr": "G", "district": "NO", "blad": "4G", "geom": "SRID=28992;POLYGON ((120000 587500, 130000 587500, 130000 575000, 120000 575000, 120000 587500))"}}, {"model": "bro.mapsheet", "pk": 36, "fields": {"area": 125000000.0, "perimeter": 45000.0, "topo_2561_field": 37, "topo_25611": 384, "bladnaam": "", "nr": 4, "ltr": "H", "district": "NO", "blad": "4H", "geom": "SRID=28992;POLYGON ((130000 587500, 140000 587500, 140000 575000, 130000 575000, 130000 587500))"}}, {"model": "bro.mapsheet", "pk": 37, "fields": {"area": 125000000.0, "perimeter": 45000.0, "topo_2561_field": 38, "topo_25611": 385, "bladnaam": "", "nr": 5, "ltr": "C", "district": "NO", "blad": "5C", "geom": "SRID=28992;POLYGON ((140000 587500, 150000 587500, 150000 575000, 140000 575000, 140000 587500))"}}, {"model": "bro.mapsheet", "pk": 38, "fields": {"area": 125000000.0, "perimeter": 45000.0, "topo_2561_field": 39, "topo_25611": 386, "bladnaam": "Harlingen", "nr": 5, "ltr": "D", "district": "NO", "blad": "5D", "geom": "SRID=28992;POLYGON ((150000 587500, 160000 587500, 160000 575000, 150000 575000, 150000 587500))"}}, {"model": "bro.mapsheet", "pk": 39, "fields": {"area": 125000000.0, "perimeter": 45000.0, "topo_2561_field": 40, "topo_25611": 387, "bladnaam": "Franeker", "nr": 5, "ltr": "G", "district": "NO", "blad": "5G", "geom": "SRID=28992;POLYGON ((160000 587500, 170000 587500, 170000 575000, 160000 575000, 160000 587500))"}}, {"model": "bro.mapsheet", "pk": 40, "fields": {"area": 125000000.0, "perimeter": 45000.0, "topo_2561_field": 41, "topo_25611": 22, "bladnaam": "Berlikum", "nr": 5, "ltr": "H", "district": "NO", "blad": "5H", "geom": "SRID=28992;POLYGON ((170000 587500, 180000 587500, 180000 575000, 170000 575000, 170000 587500))"}}, {"model": "bro.mapsheet", "pk": 41, "fields": {"area": 125000000.0, "perimeter": 45000.0, "topo_2561_field": 42, "topo_25611": 23, "bladnaam": "Leeuwarden", "nr": 6, "ltr": "C", "district": "NO", "blad": "6C", "geom": "SRID=28992;POLYGON ((180000 587500, 190000 587500, 190000 575000, 180000 575000, 180000 587500))"}}, {"model": "bro.mapsheet", "pk": 42, "fields": {"area": 125000000.0, "perimeter": 45000.0, "topo_2561_field": 43, "topo_25611": 24, "bladnaam": "Bergum", "nr": 6, "ltr": "D", "district": "NO", "blad": "6D", "geom": "SRID=28992;POLYGON ((190000 587500, 200000 587500, 200000 575000, 190000 575000, 190000 587500))"}}, {"model": "bro.mapsheet", "pk": 43, "fields": {"area": 125000000.0, "perimeter": 45000.0, "topo_2561_field": 44, "topo_25611": 25, "bladnaam": "Surhuisterveen", "nr": 6, "ltr": "G", "district": "NO", "blad": "6G", "geom": "SRID=28992;POLYGON ((200000 587500, 210000 587500, 210000 575000, 200000 575000, 200000 587500))"}}, {"model": "bro.mapsheet", "pk": 44, "fields": {"area": 125000000.0, "perimeter": 45000.0, "topo_2561_field": 45, "topo_25611": 26, "bladnaam": "Grootegast", "nr": 6, "ltr": "H", "district": "NO", "blad": "6H", "geom": "SRID=28992;POLYGON ((210000 587500, 220000 587500, 220000 575000, 210000 575000, 210000 587500))"}}, {"model": "bro.mapsheet", "pk": 45, "fields": {"area": 125000000.0, "perimeter": 45000.0, "topo_2561_field": 46, "topo_25611": 27, "bladnaam": "Hoogkerk", "nr": 7, "ltr": "C", "district": "NO", "blad": "7C", "geom": "SRID=28992;POLYGON ((220000 587500, 230000 587500, 230000 575000, 220000 575000, 220000 587500))"}}, {"model": "bro.mapsheet", "pk": 46, "fields": {"area": 125000000.0, "perimeter": 45000.0, "topo_2561_field": 47, "topo_25611": 28, "bladnaam": "Groningen", "nr": 7, "ltr": "D", "district": "NO", "blad": "7D", "geom": "SRID=28992;POLYGON ((230000 587500, 240000 587500, 240000 575000, 230000 575000, 230000 587500))"}}, {"model": "bro.mapsheet", "pk": 47, "fields": {"area": 125000000.0, "perimeter": 45000.0, "topo_2561_field": 48, "topo_25611": 29, "bladnaam": "Hoogezand", "nr": 7, "ltr": "G", "district": "NO", "blad": "7G", "geom": "SRID=28992;POLYGON ((240000 587500, 250000 587500, 250000 575000, 240000 575000, 240000 587500))"}}, {"model": "bro.mapsheet", "pk": 48, "fields": {"area": 125000000.0, "perimeter": 45000.0, "topo_2561_field": 49, "topo_25611": 30, "bladnaam": "Noordbroek", "nr": 7, "ltr": "H", "district": "NO", "blad": "7H", "geom": "SRID=28992;POLYGON ((250000 587500, 260000 587500, 260000 575000, 250000 575000, 250000 587500))"}}, {"model": "bro.mapsheet", "pk": 49, "fields": {"area": 125000000.0, "perimeter": 45000.0, "topo_2561_field": 50, "topo_25611": 315, "bladnaam": "Midwolde", "nr": 8, "ltr": "C", "district": "NO", "blad": "8C", "geom": "SRID=28992;POLYGON ((260000 587500, 270000 587500, 270000 575000, 260000 575000, 260000 587500))"}}, {"model": "bro.mapsheet", "pk": 50, "fields": {"area": 125000000.0, "perimeter": 45000.0, "topo_2561_field": 51, "topo_25611": 315, "bladnaam": "Nieuweschans", "nr": 8, "ltr": "D", "district": "NO", "blad": "8D", "geom": "SRID=28992;POLYGON ((270000 587500, 280000 587500, 280000 575000, 270000 575000, 270000 587500))"}}, {"model": "bro.mapsheet", "pk": 51, "fields": {"area": 137500000.0, "perimeter": 47000.0, "topo_2561_field": 52, "topo_25611": 388, "bladnaam": "Den Burg", "nr": 9, "ltr": "B", "district": "W", "blad": "9B", "geom": "SRID=28992;POLYGON ((120000 575000, 120000 562500, 109000 562500, 109000 575000, 110000 575000, 120000 575000))"}}, {"model": "bro.mapsheet", "pk": 52, "fields": {"area": 125000000.0, "perimeter": 45000.0, "topo_2561_field": 53, "topo_25611": 389, "bladnaam": "De Cocksdorp", "nr": 9, "ltr": "E", "district": "W", "blad": "9E", "geom": "SRID=28992;POLYGON ((120000 575000, 130000 575000, 130000 562500, 120000 562500, 120000 575000))"}}, {"model": "bro.mapsheet", "pk": 53, "fields": {"area": 125000000.0, "perimeter": 45000.0, "topo_2561_field": 54, "topo_25611": 390, "bladnaam": "", "nr": 9, "ltr": "F", "district": "W", "blad": "9F", "geom": "SRID=28992;POLYGON ((130000 575000, 140000 575000, 140000 562500, 130000 562500, 130000 575000))"}}, {"model": "bro.mapsheet", "pk": 54, "fields": {"area": 125000000.0, "perimeter": 45000.0, "topo_2561_field": 55, "topo_25611": 391, "bladnaam": "Zuidoostrak", "nr": 10, "ltr": "A", "district": "NO", "blad": "10A", "geom": "SRID=28992;POLYGON ((140000 575000, 150000 575000, 150000 562500, 140000 562500, 140000 575000))"}}, {"model": "bro.mapsheet", "pk": 55, "fields": {"area": 125000000.0, "perimeter": 45000.0, "topo_2561_field": 56, "topo_25611": 392, "bladnaam": "Makkum", "nr": 10, "ltr": "B", "district": "NO", "blad": "10B", "geom": "SRID=28992;POLYGON ((150000 575000, 160000 575000, 160000 562500, 150000 562500, 150000 575000))"}}, {"model": "bro.mapsheet", "pk": 56, "fields": {"area": 125000000.0, "perimeter": 45000.0, "topo_2561_field": 57, "topo_25611": 34, "bladnaam": "Bolsward", "nr": 10, "ltr": "E", "district": "NO", "blad": "10E", "geom": "SRID=28992;POLYGON ((160000 575000, 170000 575000, 170000 562500, 160000 562500, 160000 575000))"}}, {"model": "bro.mapsheet", "pk": 57, "fields": {"area": 125000000.0, "perimeter": 45000.0, "topo_2561_field": 58, "topo_25611": 35, "bladnaam": "Oosterlittens", "nr": 10, "ltr": "F", "district": "NO", "blad": "10F", "geom": "SRID=28992;POLYGON ((170000 575000, 180000 575000, 180000 562500, 170000 562500, 170000 575000))"}}, {"model": "bro.mapsheet", "pk": 58, "fields": {"area": 125000000.0, "perimeter": 45000.0, "topo_2561_field": 59, "topo_25611": 36, "bladnaam": "Grouw", "nr": 11, "ltr": "A", "district": "NO", "blad": "11A", "geom": "SRID=28992;POLYGON ((180000 575000, 190000 575000, 190000 562500, 180000 562500, 180000 575000))"}}, {"model": "bro.mapsheet", "pk": 59, "fields": {"area": 125000000.0, "perimeter": 45000.0, "topo_2561_field": 60, "topo_25611": 37, "bladnaam": "Boornbergum", "nr": 11, "ltr": "B", "district": "NO", "blad": "11B", "geom": "SRID=28992;POLYGON ((190000 575000, 200000 575000, 200000 562500, 190000 562500, 190000 575000))"}}, {"model": "bro.mapsheet", "pk": 60, "fields": {"area": 125000000.0, "perimeter": 45000.0, "topo_2561_field": 61, "topo_25611": 38, "bladnaam": "Drachten", "nr": 11, "ltr": "E", "district": "NO", "blad": "11E", "geom": "SRID=28992;POLYGON ((200000 575000, 210000 575000, 210000 562500, 200000 562500, 200000 575000))"}}, {"model": "bro.mapsheet", "pk": 61, "fields": {"area": 125000000.0, "perimeter": 45000.0, "topo_2561_field": 62, "topo_25611": 39, "bladnaam": "Marum", "nr": 11, "ltr": "F", "district": "NO", "blad": "11F", "geom": "SRID=28992;POLYGON ((210000 575000, 220000 575000, 220000 562500, 210000 562500, 210000 575000))"}}, {"model": "bro.mapsheet", "pk": 62, "fields": {"area": 125000000.0, "perimeter": 45000.0, "topo_2561_field": 63, "topo_25611": 40, "bladnaam": "Norg", "nr": 12, "ltr": "A", "district": "NO", "blad": "12A", "geom": "SRID=28992;POLYGON ((220000 575000, 230000 575000, 230000 562500, 220000 562500, 220000 575000))"}}, {"model": "bro.mapsheet", "pk": 63, "fields": {"area": 125000000.0, "perimeter": 45000.0, "topo_2561_field": 64, "topo_25611": 41, "bladnaam": "Vries", "nr": 12, "ltr": "B", "district": "NO", "blad": "12B", "geom": "SRID=28992;POLYGON ((230000 575000, 240000 575000, 240000 562500, 230000 562500, 230000 575000))"}}, {"model": "bro.mapsheet", "pk": 64, "fields": {"area": 125000000.0, "perimeter": 45000.0, "topo_2561_field": 65, "topo_25611": 42, "bladnaam": "Zuidlaren", "nr": 12, "ltr": "E", "district": "NO", "blad": "12E", "geom": "SRID=28992;POLYGON ((240000 575000, 250000 575000, 250000 562500, 240000 562500, 240000 575000))"}}, {"model": "bro.mapsheet", "pk": 65, "fields": {"area": 125000000.0, "perimeter": 45000.0, "topo_2561_field": 66, "topo_25611": 43, "bladnaam": "Veendam", "nr": 12, "ltr": "F", "district": "NO", "blad": "12F", "geom": "SRID=28992;POLYGON ((250000 575000, 260000 575000, 260000 562500, 250000 562500, 250000 575000))"}}, {"model": "bro.mapsheet", "pk": 66, "fields": {"area": 125000000.0, "perimeter": 45000.0, "topo_2561_field": 67, "topo_25611": 316, "bladnaam": "Winschoten", "nr": 13, "ltr": "A", "district": "NO", "blad": "13A", "geom": "SRID=28992;POLYGON ((260000 575000, 270000 575000, 270000 562500, 260000 562500, 260000 575000))"}}, {"model": "bro.mapsheet", "pk": 67, "fields": {"area": 125000000.0, "perimeter": 45000.0, "topo_2561_field": 68, "topo_25611": 316, "bladnaam": "Bellingwolde", "nr": 13, "ltr": "B", "district": "NO", "blad": "13B", "geom": "SRID=28992;POLYGON ((270000 575000, 280000 575000, 280000 562500, 270000 562500, 270000 575000))"}}, {"model": "bro.mapsheet", "pk": 68, "fields": {"area": 137500000.0, "perimeter": 47000.0, "topo_2561_field": 69, "topo_25611": 393, "bladnaam": "Den Helder", "nr": 9, "ltr": "D", "district": "W", "blad": "9D", "geom": "SRID=28992;POLYGON ((120000 562500, 120000 550000, 110000 550000, 109000 550000, 109000 562500, 120000 562500))"}}, {"model": "bro.mapsheet", "pk": 69, "fields": {"area": 125000000.0, "perimeter": 45000.0, "topo_2561_field": 70, "topo_25611": 394, "bladnaam": "", "nr": 9, "ltr": "G", "district": "W", "blad": "9G", "geom": "SRID=28992;POLYGON ((130000 562500, 130000 550000, 120000 550000, 120000 562500, 130000 562500))"}}, {"model": "bro.mapsheet", "pk": 70, "fields": {"area": 125000000.0, "perimeter": 45000.0, "topo_2561_field": 71, "topo_25611": 395, "bladnaam": "Vlieter", "nr": 9, "ltr": "H", "district": "W", "blad": "9H", "geom": "SRID=28992;POLYGON ((140000 562500, 140000 550000, 130000 550000, 130000 562500, 140000 562500))"}}, {"model": "bro.mapsheet", "pk": 71, "fields": {"area": 125000000.0, "perimeter": 45000.0, "topo_2561_field": 72, "topo_25611": 396, "bladnaam": "Breezand", "nr": 10, "ltr": "C", "district": "NO", "blad": "10C", "geom": "SRID=28992;POLYGON ((150000 562500, 150000 550000, 140000 550000, 140000 562500, 150000 562500))"}}, {"model": "bro.mapsheet", "pk": 72, "fields": {"area": 125000000.0, "perimeter": 45000.0, "topo_2561_field": 73, "topo_25611": 397, "bladnaam": "Workum", "nr": 10, "ltr": "D", "district": "NO", "blad": "10D", "geom": "SRID=28992;POLYGON ((160000 562500, 160000 550000, 150000 550000, 150000 562500, 160000 562500))"}}, {"model": "bro.mapsheet", "pk": 73, "fields": {"area": 125000000.0, "perimeter": 45000.0, "topo_2561_field": 74, "topo_25611": 398, "bladnaam": "Oudega", "nr": 10, "ltr": "G", "district": "NO", "blad": "10G", "geom": "SRID=28992;POLYGON ((170000 562500, 170000 550000, 160000 550000, 160000 562500, 170000 562500))"}}, {"model": "bro.mapsheet", "pk": 74, "fields": {"area": 125000000.0, "perimeter": 45000.0, "topo_2561_field": 75, "topo_25611": 46, "bladnaam": "Sneek", "nr": 10, "ltr": "H", "district": "NO", "blad": "10H", "geom": "SRID=28992;POLYGON ((170000 562500, 180000 562500, 180000 550000, 170000 550000, 170000 562500))"}}, {"model": "bro.mapsheet", "pk": 75, "fields": {"area": 125000000.0, "perimeter": 45000.0, "topo_2561_field": 76, "topo_25611": 47, "bladnaam": "Joure", "nr": 11, "ltr": "C", "district": "NO", "blad": "11C", "geom": "SRID=28992;POLYGON ((180000 562500, 190000 562500, 190000 550000, 180000 550000, 180000 562500))"}}, {"model": "bro.mapsheet", "pk": 76, "fields": {"area": 125000000.0, "perimeter": 45000.0, "topo_2561_field": 77, "topo_25611": 48, "bladnaam": "Heerenveen", "nr": 11, "ltr": "D", "district": "NO", "blad": "11D", "geom": "SRID=28992;POLYGON ((190000 562500, 200000 562500, 200000 550000, 190000 550000, 190000 562500))"}}, {"model": "bro.mapsheet", "pk": 77, "fields": {"area": 125000000.0, "perimeter": 45000.0, "topo_2561_field": 78, "topo_25611": 4, "bladnaam": "Jubbegaastercompagni", "nr": 11, "ltr": "G", "district": "NO", "blad": "11G", "geom": "SRID=28992;POLYGON ((200000 562500, 210000 562500, 210000 550000, 200000 550000, 200000 562500))"}}, {"model": "bro.mapsheet", "pk": 78, "fields": {"area": 125000000.0, "perimeter": 45000.0, "topo_2561_field": 79, "topo_25611": 50, "bladnaam": "Oosterwolde", "nr": 11, "ltr": "H", "district": "NO", "blad": "11H", "geom": "SRID=28992;POLYGON ((210000 562500, 220000 562500, 220000 550000, 210000 550000, 210000 562500))"}}, {"model": "bro.mapsheet", "pk": 79, "fields": {"area": 125000000.0, "perimeter": 45000.0, "topo_2561_field": 80, "topo_25611": 51, "bladnaam": "Smilde", "nr": 12, "ltr": "C", "district": "NO", "blad": "12C", "geom": "SRID=28992;POLYGON ((220000 562500, 230000 562500, 230000 550000, 220000 550000, 220000 562500))"}}, {"model": "bro.mapsheet", "pk": 80, "fields": {"area": 125000000.0, "perimeter": 45000.0, "topo_2561_field": 81, "topo_25611": 52, "bladnaam": "Assen", "nr": 12, "ltr": "D", "district": "NO", "blad": "12D", "geom": "SRID=28992;POLYGON ((230000 562500, 240000 562500, 240000 550000, 230000 550000, 230000 562500))"}}, {"model": "bro.mapsheet", "pk": 81, "fields": {"area": 125000000.0, "perimeter": 45000.0, "topo_2561_field": 82, "topo_25611": 53, "bladnaam": "Gieten", "nr": 12, "ltr": "G", "district": "NO", "blad": "12G", "geom": "SRID=28992;POLYGON ((240000 562500, 250000 562500, 250000 550000, 240000 550000, 240000 562500))"}}, {"model": "bro.mapsheet", "pk": 82, "fields": {"area": 125000000.0, "perimeter": 45000.0, "topo_2561_field": 83, "topo_25611": 54, "bladnaam": "Stadskanaal", "nr": 12, "ltr": "H", "district": "NO", "blad": "12H", "geom": "SRID=28992;POLYGON ((250000 562500, 260000 562500, 260000 550000, 250000 550000, 250000 562500))"}}, {"model": "bro.mapsheet", "pk": 83, "fields": {"area": 125000000.0, "perimeter": 45000.0, "topo_2561_field": 84, "topo_25611": 317, "bladnaam": "Musselkanaal", "nr": 13, "ltr": "C", "district": "NO", "blad": "13C", "geom": "SRID=28992;POLYGON ((260000 562500, 270000 562500, 270000 550000, 260000 550000, 260000 562500))"}}, {"model": "bro.mapsheet", "pk": 84, "fields": {"area": 125000000.0, "perimeter": 45000.0, "topo_2561_field": 85, "topo_25611": 419, "bladnaam": "Boertange", "nr": 13, "ltr": "D", "district": "NO", "blad": "13D", "geom": "SRID=28992;POLYGON ((270000 562500, 280000 562500, 280000 550000, 270000 550000, 270000 562500))"}}, {"model": "bro.mapsheet", "pk": 85, "fields": {"area": 125000000.0, "perimeter": 45000.0, "topo_2561_field": 86, "topo_25611": 399, "bladnaam": "Callantsoog", "nr": 14, "ltr": "A", "district": "W", "blad": "14A", "geom": "SRID=28992;POLYGON ((109000 550000, 110000 550000, 110000 537500, 100000 537500, 100000 550000, 109000 550000))"}}, {"model": "bro.mapsheet", "pk": 86, "fields": {"area": 125000000.0, "perimeter": 45000.0, "topo_2561_field": 87, "topo_25611": 400, "bladnaam": "Julianadorp", "nr": 14, "ltr": "B", "district": "W", "blad": "14B", "geom": "SRID=28992;POLYGON ((110000 550000, 120000 550000, 120000 537500, 110000 537500, 110000 550000))"}}, {"model": "bro.mapsheet", "pk": 87, "fields": {"area": 125000000.0, "perimeter": 45000.0, "topo_2561_field": 88, "topo_25611": 401, "bladnaam": "Wieringen", "nr": 14, "ltr": "E", "district": "W", "blad": "14E", "geom": "SRID=28992;POLYGON ((120000 550000, 130000 550000, 130000 537500, 120000 537500, 120000 550000))"}}, {"model": "bro.mapsheet", "pk": 88, "fields": {"area": 125000000.0, "perimeter": 45000.0, "topo_2561_field": 89, "topo_25611": 402, "bladnaam": "Oude Zeug", "nr": 14, "ltr": "F", "district": "W", "blad": "14F", "geom": "SRID=28992;POLYGON ((130000 550000, 140000 550000, 140000 537500, 130000 537500, 130000 550000))"}}, {"model": "bro.mapsheet", "pk": 89, "fields": {"area": 125000000.0, "perimeter": 45000.0, "topo_2561_field": 90, "topo_25611": 403, "bladnaam": "", "nr": 15, "ltr": "A", "district": "W", "blad": "15A", "geom": "SRID=28992;POLYGON ((140000 550000, 150000 550000, 150000 537500, 140000 537500, 140000 550000))"}}, {"model": "bro.mapsheet", "pk": 90, "fields": {"area": 125000000.0, "perimeter": 45000.0, "topo_2561_field": 91, "topo_25611": 58, "bladnaam": "Stavoren", "nr": 15, "ltr": "B", "district": "NO", "blad": "15B", "geom": "SRID=28992;POLYGON ((150000 550000, 160000 550000, 160000 537500, 150000 537500, 150000 550000))"}}, {"model": "bro.mapsheet", "pk": 91, "fields": {"area": 125000000.0, "perimeter": 45000.0, "topo_2561_field": 92, "topo_25611": 59, "bladnaam": "Balk", "nr": 15, "ltr": "E", "district": "NO", "blad": "15E", "geom": "SRID=28992;POLYGON ((160000 550000, 170000 550000, 170000 537500, 160000 537500, 160000 550000))"}}, {"model": "bro.mapsheet", "pk": 92, "fields": {"area": 125000000.0, "perimeter": 45000.0, "topo_2561_field": 93, "topo_25611": 60, "bladnaam": "De Lemmer", "nr": 15, "ltr": "F", "district": "NO", "blad": "15F", "geom": "SRID=28992;POLYGON ((170000 550000, 180000 550000, 180000 537500, 170000 537500, 170000 550000))"}}, {"model": "bro.mapsheet", "pk": 93, "fields": {"area": 125000000.0, "perimeter": 45000.0, "topo_2561_field": 94, "topo_25611": 61, "bladnaam": "Echtenerbrug", "nr": 16, "ltr": "A", "district": "NO", "blad": "16A", "geom": "SRID=28992;POLYGON ((180000 550000, 190000 550000, 190000 537500, 180000 537500, 180000 550000))"}}, {"model": "bro.mapsheet", "pk": 94, "fields": {"area": 125000000.0, "perimeter": 45000.0, "topo_2561_field": 95, "topo_25611": 62, "bladnaam": "Wolvega", "nr": 16, "ltr": "B", "district": "NO", "blad": "16B", "geom": "SRID=28992;POLYGON ((190000 550000, 200000 550000, 200000 537500, 190000 537500, 190000 550000))"}}, {"model": "bro.mapsheet", "pk": 95, "fields": {"area": 125000000.0, "perimeter": 45000.0, "topo_2561_field": 96, "topo_25611": 63, "bladnaam": "Noordwolde", "nr": 16, "ltr": "E", "district": "NO", "blad": "16E", "geom": "SRID=28992;POLYGON ((200000 550000, 210000 550000, 210000 537500, 200000 537500, 200000 550000))"}}, {"model": "bro.mapsheet", "pk": 96, "fields": {"area": 125000000.0, "perimeter": 45000.0, "topo_2561_field": 97, "topo_25611": 64, "bladnaam": "Diever", "nr": 16, "ltr": "F", "district": "NO", "blad": "16F", "geom": "SRID=28992;POLYGON ((210000 550000, 220000 550000, 220000 537500, 210000 537500, 210000 550000))"}}, {"model": "bro.mapsheet", "pk": 97, "fields": {"area": 125000000.0, "perimeter": 45000.0, "topo_2561_field": 98, "topo_25611": 65, "bladnaam": "Dwingeloo", "nr": 17, "ltr": "A", "district": "NO", "blad": "17A", "geom": "SRID=28992;POLYGON ((220000 550000, 230000 550000, 230000 537500, 220000 537500, 220000 550000))"}}, {"model": "bro.mapsheet", "pk": 98, "fields": {"area": 125000000.0, "perimeter": 45000.0, "topo_2561_field": 99, "topo_25611": 66, "bladnaam": "Westerbork", "nr": 17, "ltr": "B", "district": "NO", "blad": "17B", "geom": "SRID=28992;POLYGON ((230000 550000, 240000 550000, 240000 537500, 230000 537500, 230000 550000))"}}, {"model": "bro.mapsheet", "pk": 99, "fields": {"area": 125000000.0, "perimeter": 45000.0, "topo_2561_field": 100, "topo_25611": 67, "bladnaam": "Schoonoord", "nr": 17, "ltr": "E", "district": "NO", "blad": "17E", "geom": "SRID=28992;POLYGON ((240000 550000, 250000 550000, 250000 537500, 240000 537500, 240000 550000))"}}, {"model": "bro.mapsheet", "pk": 100, "fields": {"area": 125000000.0, "perimeter": 45000.0, "topo_2561_field": 101, "topo_25611": 68, "bladnaam": "Exloo", "nr": 17, "ltr": "F", "district": "NO", "blad": "17F", "geom": "SRID=28992;POLYGON ((250000 550000, 260000 550000, 260000 537500, 250000 537500, 250000 550000))"}}, {"model": "bro.mapsheet", "pk": 101, "fields": {"area": 125000000.0, "perimeter": 45000.0, "topo_2561_field": 102, "topo_25611": 318, "bladnaam": "Roswinkel", "nr": 18, "ltr": "A", "district": "NO", "blad": "18A", "geom": "SRID=28992;POLYGON ((260000 550000, 270000 550000, 270000 537500, 260000 537500, 260000 550000))"}}, {"model": "bro.mapsheet", "pk": 102, "fields": {"area": 125000000.0, "perimeter": 45000.0, "topo_2561_field": 103, "topo_25611": 420, "bladnaam": "Laudermarke", "nr": 18, "ltr": "B", "district": "NO", "blad": "18B", "geom": "SRID=28992;POLYGON ((270000 550000, 280000 550000, 280000 537500, 270000 537500, 270000 550000))"}}, {"model": "bro.mapsheet", "pk": 103, "fields": {"area": 125000000.0, "perimeter": 45000.0, "topo_2561_field": 104, "topo_25611": 404, "bladnaam": "Petten", "nr": 14, "ltr": "C", "district": "W", "blad": "14C", "geom": "SRID=28992;POLYGON ((100000 537500, 110000 537500, 110000 525000, 100000 525000, 100000 537500))"}}, {"model": "bro.mapsheet", "pk": 104, "fields": {"area": 125000000.0, "perimeter": 45000.0, "topo_2561_field": 105, "topo_25611": 405, "bladnaam": "Schagen", "nr": 14, "ltr": "D", "district": "W", "blad": "14D", "geom": "SRID=28992;POLYGON ((110000 537500, 120000 537500, 120000 525000, 110000 525000, 110000 537500))"}}, {"model": "bro.mapsheet", "pk": 105, "fields": {"area": 125000000.0, "perimeter": 45000.0, "topo_2561_field": 106, "topo_25611": 70, "bladnaam": "Middenmeer", "nr": 14, "ltr": "G", "district": "W", "blad": "14G", "geom": "SRID=28992;POLYGON ((120000 537500, 130000 537500, 130000 525000, 120000 525000, 120000 537500))"}}, {"model": "bro.mapsheet", "pk": 106, "fields": {"area": 125000000.0, "perimeter": 45000.0, "topo_2561_field": 107, "topo_25611": 71, "bladnaam": "Medemblik", "nr": 14, "ltr": "H", "district": "W", "blad": "14H", "geom": "SRID=28992;POLYGON ((130000 537500, 140000 537500, 140000 525000, 130000 525000, 130000 537500))"}}, {"model": "bro.mapsheet", "pk": 107, "fields": {"area": 125000000.0, "perimeter": 45000.0, "topo_2561_field": 108, "topo_25611": 408, "bladnaam": "Andijk", "nr": 15, "ltr": "C", "district": "W", "blad": "15C", "geom": "SRID=28992;POLYGON ((150000 537500, 150000 525000, 140000 525000, 140000 537500, 150000 537500))"}}, {"model": "bro.mapsheet", "pk": 108, "fields": {"area": 125000000.0, "perimeter": 45000.0, "topo_2561_field": 109, "topo_25611": 409, "bladnaam": "", "nr": 15, "ltr": "D", "district": "W", "blad": "15D", "geom": "SRID=28992;POLYGON ((160000 537500, 160000 525000, 150000 525000, 150000 537500, 160000 537500))"}}, {"model": "bro.mapsheet", "pk": 109, "fields": {"area": 125000000.0, "perimeter": 45000.0, "topo_2561_field": 110, "topo_25611": 74, "bladnaam": "Blokzijl", "nr": 16, "ltr": "D", "district": "NO", "blad": "16D", "geom": "SRID=28992;POLYGON ((190000 537500, 200000 537500, 200000 525000, 190000 525000, 190000 537500))"}}, {"model": "bro.mapsheet", "pk": 110, "fields": {"area": 125000000.0, "perimeter": 45000.0, "topo_2561_field": 111, "topo_25611": 75, "bladnaam": "Steenwijk", "nr": 16, "ltr": "G", "district": "NO", "blad": "16G", "geom": "SRID=28992;POLYGON ((200000 537500, 210000 537500, 210000 525000, 200000 525000, 200000 537500))"}}, {"model": "bro.mapsheet", "pk": 111, "fields": {"area": 125000000.0, "perimeter": 45000.0, "topo_2561_field": 112, "topo_25611": 76, "bladnaam": "Havelte", "nr": 16, "ltr": "H", "district": "NO", "blad": "16H", "geom": "SRID=28992;POLYGON ((210000 537500, 220000 537500, 220000 525000, 210000 525000, 210000 537500))"}}, {"model": "bro.mapsheet", "pk": 112, "fields": {"area": 125000000.0, "perimeter": 45000.0, "topo_2561_field": 113, "topo_25611": 77, "bladnaam": "Hoogeveen", "nr": 17, "ltr": "C", "district": "NO", "blad": "17C", "geom": "SRID=28992;POLYGON ((220000 537500, 230000 537500, 230000 525000, 220000 525000, 220000 537500))"}}, {"model": "bro.mapsheet", "pk": 113, "fields": {"area": 125000000.0, "perimeter": 45000.0, "topo_2561_field": 114, "topo_25611": 78, "bladnaam": "Nieuweroord", "nr": 17, "ltr": "D", "district": "NO", "blad": "17D", "geom": "SRID=28992;POLYGON ((230000 537500, 240000 537500, 240000 525000, 230000 525000, 230000 537500))"}}, {"model": "bro.mapsheet", "pk": 114, "fields": {"area": 125000000.0, "perimeter": 45000.0, "topo_2561_field": 115, "topo_25611": 79, "bladnaam": "Oosterhesselen", "nr": 17, "ltr": "G", "district": "NO", "blad": "17G", "geom": "SRID=28992;POLYGON ((240000 537500, 250000 537500, 250000 525000, 240000 525000, 240000 537500))"}}, {"model": "bro.mapsheet", "pk": 115, "fields": {"area": 125000000.0, "perimeter": 45000.0, "topo_2561_field": 116, "topo_25611": 80, "bladnaam": "emmen", "nr": 17, "ltr": "H", "district": "NO", "blad": "17H", "geom": "SRID=28992;POLYGON ((250000 537500, 260000 537500, 260000 525000, 250000 525000, 250000 537500))"}}, {"model": "bro.mapsheet", "pk": 116, "fields": {"area": 125000000.0, "perimeter": 45000.0, "topo_2561_field": 117, "topo_25611": 81, "bladnaam": "Klazinaveen", "nr": 18, "ltr": "C", "district": "NO", "blad": "18C", "geom": "SRID=28992;POLYGON ((260000 537500, 270000 537500, 270000 525000, 260000 525000, 260000 537500))"}}, {"model": "bro.mapsheet", "pk": 117, "fields": {"area": 125000000.0, "perimeter": 45000.0, "topo_2561_field": 118, "topo_25611": 82, "bladnaam": "Bergen", "nr": 19, "ltr": "A", "district": "W", "blad": "19A", "geom": "SRID=28992;POLYGON ((100000 525000, 110000 525000, 110000 512500, 100000 512500, 100000 525000))"}}, {"model": "bro.mapsheet", "pk": 118, "fields": {"area": 125000000.0, "perimeter": 45000.0, "topo_2561_field": 119, "topo_25611": 83, "bladnaam": "Alkmaar", "nr": 19, "ltr": "B", "district": "W", "blad": "19B", "geom": "SRID=28992;POLYGON ((110000 525000, 120000 525000, 120000 512500, 110000 512500, 110000 525000))"}}, {"model": "bro.mapsheet", "pk": 119, "fields": {"area": 125000000.0, "perimeter": 45000.0, "topo_2561_field": 120, "topo_25611": 84, "bladnaam": "Berkhout", "nr": 19, "ltr": "E", "district": "W", "blad": "19E", "geom": "SRID=28992;POLYGON ((120000 525000, 130000 525000, 130000 512500, 120000 512500, 120000 525000))"}}, {"model": "bro.mapsheet", "pk": 120, "fields": {"area": 125000000.0, "perimeter": 45000.0, "topo_2561_field": 121, "topo_25611": 85, "bladnaam": "Hoorn", "nr": 19, "ltr": "F", "district": "W", "blad": "19F", "geom": "SRID=28992;POLYGON ((130000 525000, 140000 525000, 140000 512500, 130000 512500, 130000 525000))"}}, {"model": "bro.mapsheet", "pk": 121, "fields": {"area": 125000000.0, "perimeter": 45000.0, "topo_2561_field": 122, "topo_25611": 412, "bladnaam": "Enkhuizen", "nr": 20, "ltr": "A", "district": "W", "blad": "20A", "geom": "SRID=28992;POLYGON ((140000 525000, 150000 525000, 150000 512500, 140000 512500, 140000 525000))"}}, {"model": "bro.mapsheet", "pk": 122, "fields": {"area": 125000000.0, "perimeter": 45000.0, "topo_2561_field": 123, "topo_25611": 413, "bladnaam": "", "nr": 20, "ltr": "B", "district": "W", "blad": "20B", "geom": "SRID=28992;POLYGON ((150000 525000, 160000 525000, 160000 512500, 150000 512500, 150000 525000))"}}, {"model": "bro.mapsheet", "pk": 123, "fields": {"area": 125000000.0, "perimeter": 45000.0, "topo_2561_field": 124, "topo_25611": 90, "bladnaam": "Vollenhove", "nr": 21, "ltr": "B", "district": "NO", "blad": "21B", "geom": "SRID=28992;POLYGON ((190000 525000, 200000 525000, 200000 512500, 190000 512500, 190000 525000))"}}, {"model": "bro.mapsheet", "pk": 124, "fields": {"area": 125000000.0, "perimeter": 45000.0, "topo_2561_field": 125, "topo_25611": 91, "bladnaam": "Meppel", "nr": 21, "ltr": "E", "district": "NO", "blad": "21E", "geom": "SRID=28992;POLYGON ((200000 525000, 210000 525000, 210000 512500, 200000 512500, 200000 525000))"}}, {"model": "bro.mapsheet", "pk": 125, "fields": {"area": 125000000.0, "perimeter": 45000.0, "topo_2561_field": 126, "topo_25611": 92, "bladnaam": "De Wijk", "nr": 21, "ltr": "F", "district": "NO", "blad": "21F", "geom": "SRID=28992;POLYGON ((210000 525000, 220000 525000, 220000 512500, 210000 512500, 210000 525000))"}}, {"model": "bro.mapsheet", "pk": 126, "fields": {"area": 125000000.0, "perimeter": 45000.0, "topo_2561_field": 127, "topo_25611": 93, "bladnaam": "Dedemsvaart", "nr": 22, "ltr": "A", "district": "NO", "blad": "22A", "geom": "SRID=28992;POLYGON ((220000 525000, 230000 525000, 230000 512500, 220000 512500, 220000 525000))"}}, {"model": "bro.mapsheet", "pk": 127, "fields": {"area": 125000000.0, "perimeter": 45000.0, "topo_2561_field": 128, "topo_25611": 94, "bladnaam": "Slagharen", "nr": 22, "ltr": "B", "district": "NO", "blad": "22B", "geom": "SRID=28992;POLYGON ((230000 525000, 240000 525000, 240000 512500, 230000 512500, 230000 525000))"}}, {"model": "bro.mapsheet", "pk": 128, "fields": {"area": 125000000.0, "perimeter": 45000.0, "topo_2561_field": 129, "topo_25611": 95, "bladnaam": "Coevorden", "nr": 22, "ltr": "E", "district": "NO", "blad": "22E", "geom": "SRID=28992;POLYGON ((240000 525000, 250000 525000, 250000 512500, 240000 512500, 240000 525000))"}}, {"model": "bro.mapsheet", "pk": 129, "fields": {"area": 125000000.0, "perimeter": 45000.0, "topo_2561_field": 130, "topo_25611": 96, "bladnaam": "Oud-Schoonebeek", "nr": 22, "ltr": "F", "district": "NO", "blad": "22F", "geom": "SRID=28992;POLYGON ((250000 525000, 260000 525000, 260000 512500, 250000 512500, 250000 525000))"}}, {"model": "bro.mapsheet", "pk": 130, "fields": {"area": 125000000.0, "perimeter": 45000.0, "topo_2561_field": 131, "topo_25611": 97, "bladnaam": "Nieuw-Schoonebeek", "nr": 23, "ltr": "A", "district": "NO", "blad": "23A", "geom": "SRID=28992;POLYGON ((260000 525000, 270000 525000, 270000 512500, 260000 512500, 260000 525000))"}}, {"model": "bro.mapsheet", "pk": 131, "fields": {"area": 125000000.0, "perimeter": 45000.0, "topo_2561_field": 132, "topo_25611": 99, "bladnaam": "Uitgeest", "nr": 19, "ltr": "C", "district": "W", "blad": "19C", "geom": "SRID=28992;POLYGON ((100000 512500, 110000 512500, 110000 500000, 100000 500000, 100000 512500))"}}, {"model": "bro.mapsheet", "pk": 132, "fields": {"area": 125000000.0, "perimeter": 45000.0, "topo_2561_field": 133, "topo_25611": 100, "bladnaam": "Wormerveer", "nr": 19, "ltr": "D", "district": "W", "blad": "19D", "geom": "SRID=28992;POLYGON ((110000 512500, 120000 512500, 120000 500000, 110000 500000, 110000 512500))"}}, {"model": "bro.mapsheet", "pk": 133, "fields": {"area": 125000000.0, "perimeter": 45000.0, "topo_2561_field": 134, "topo_25611": 101, "bladnaam": "Purmerend", "nr": 19, "ltr": "G", "district": "W", "blad": "19G", "geom": "SRID=28992;POLYGON ((120000 512500, 130000 512500, 130000 500000, 120000 500000, 120000 512500))"}}, {"model": "bro.mapsheet", "pk": 134, "fields": {"area": 125000000.0, "perimeter": 45000.0, "topo_2561_field": 135, "topo_25611": 102, "bladnaam": "Edam", "nr": 19, "ltr": "H", "district": "W", "blad": "19H", "geom": "SRID=28992;POLYGON ((130000 512500, 140000 512500, 140000 500000, 130000 500000, 130000 512500))"}}, {"model": "bro.mapsheet", "pk": 135, "fields": {"area": 125000000.0, "perimeter": 45000.0, "topo_2561_field": 136, "topo_25611": 416, "bladnaam": "", "nr": 20, "ltr": "C", "district": "W", "blad": "20C", "geom": "SRID=28992;POLYGON ((140000 512500, 150000 512500, 150000 500000, 140000 500000, 140000 512500))"}}, {"model": "bro.mapsheet", "pk": 136, "fields": {"area": 125000000.0, "perimeter": 45000.0, "topo_2561_field": 137, "topo_25611": 417, "bladnaam": "Lelystad", "nr": 20, "ltr": "D", "district": "W", "blad": "20D", "geom": "SRID=28992;POLYGON ((150000 512500, 160000 512500, 160000 500000, 150000 500000, 150000 512500))"}}, {"model": "bro.mapsheet", "pk": 137, "fields": {"area": 125000000.0, "perimeter": 45000.0, "topo_2561_field": 138, "topo_25611": 418, "bladnaam": "Zeewolde", "nr": 20, "ltr": "G", "district": "W", "blad": "20G", "geom": "SRID=28992;POLYGON ((160000 512500, 170000 512500, 170000 500000, 160000 500000, 160000 512500))"}}, {"model": "bro.mapsheet", "pk": 138, "fields": {"area": 125000000.0, "perimeter": 45000.0, "topo_2561_field": 139, "topo_25611": 103, "bladnaam": "Dronten", "nr": 20, "ltr": "H", "district": "W", "blad": "20H", "geom": "SRID=28992;POLYGON ((170000 512500, 180000 512500, 180000 500000, 170000 500000, 170000 512500))"}}, {"model": "bro.mapsheet", "pk": 139, "fields": {"area": 125000000.0, "perimeter": 45000.0, "topo_2561_field": 140, "topo_25611": 104, "bladnaam": "Keteldiep", "nr": 21, "ltr": "C", "district": "NO", "blad": "21C", "geom": "SRID=28992;POLYGON ((180000 512500, 190000 512500, 190000 500000, 180000 500000, 180000 512500))"}}, {"model": "bro.mapsheet", "pk": 140, "fields": {"area": 125000000.0, "perimeter": 45000.0, "topo_2561_field": 141, "topo_25611": 105, "bladnaam": "Kampen", "nr": 21, "ltr": "D", "district": "NO", "blad": "21D", "geom": "SRID=28992;POLYGON ((190000 512500, 200000 512500, 200000 500000, 190000 500000, 190000 512500))"}}, {"model": "bro.mapsheet", "pk": 141, "fields": {"area": 125000000.0, "perimeter": 45000.0, "topo_2561_field": 142, "topo_25611": 106, "bladnaam": "Zwolle", "nr": 21, "ltr": "G", "district": "NO", "blad": "21G", "geom": "SRID=28992;POLYGON ((200000 512500, 210000 512500, 210000 500000, 200000 500000, 200000 512500))"}}, {"model": "bro.mapsheet", "pk": 142, "fields": {"area": 125000000.0, "perimeter": 45000.0, "topo_2561_field": 143, "topo_25611": 107, "bladnaam": "Dalfsen", "nr": 21, "ltr": "H", "district": "NO", "blad": "21H", "geom": "SRID=28992;POLYGON ((210000 512500, 220000 512500, 220000 500000, 210000 500000, 210000 512500))"}}, {"model": "bro.mapsheet", "pk": 143, "fields": {"area": 125000000.0, "perimeter": 45000.0, "topo_2561_field": 144, "topo_25611": 108, "bladnaam": "Ommen", "nr": 22, "ltr": "C", "district": "NO", "blad": "22C", "geom": "SRID=28992;POLYGON ((220000 512500, 230000 512500, 230000 500000, 220000 500000, 220000 512500))"}}, {"model": "bro.mapsheet", "pk": 144, "fields": {"area": 125000000.0, "perimeter": 45000.0, "topo_2561_field": 145, "topo_25611": 109, "bladnaam": "Hardenberg", "nr": 22, "ltr": "D", "district": "NO", "blad": "22D", "geom": "SRID=28992;POLYGON ((230000 512500, 240000 512500, 240000 500000, 230000 500000, 230000 512500))"}}, {"model": "bro.mapsheet", "pk": 145, "fields": {"area": 125000000.0, "perimeter": 45000.0, "topo_2561_field": 146, "topo_25611": 110, "bladnaam": "Kloosterhaar", "nr": 22, "ltr": "G", "district": "NO", "blad": "22G", "geom": "SRID=28992;POLYGON ((240000 512500, 250000 512500, 250000 500000, 240000 500000, 240000 512500))"}}, {"model": "bro.mapsheet", "pk": 146, "fields": {"area": 125000000.0, "perimeter": 45000.0, "topo_2561_field": 147, "topo_25611": 421, "bladnaam": "IJmuiderhaven", "nr": 24, "ltr": "F", "district": "W", "blad": "24F", "geom": "SRID=28992;POLYGON ((100000 500000, 100000 487500, 90000 487500, 90000 500000, 100000 500000))"}}, {"model": "bro.mapsheet", "pk": 147, "fields": {"area": 125000000.0, "perimeter": 45000.0, "topo_2561_field": 148, "topo_25611": 367, "bladnaam": "Haarlem", "nr": 25, "ltr": "A", "district": "W", "blad": "25A", "geom": "SRID=28992;POLYGON ((110000 500000, 110000 487500, 100000 487500, 100000 500000, 110000 500000))"}}, {"model": "bro.mapsheet", "pk": 148, "fields": {"area": 125000000.0, "perimeter": 45000.0, "topo_2561_field": 149, "topo_25611": 114, "bladnaam": "Zaandam", "nr": 25, "ltr": "B", "district": "W", "blad": "25B", "geom": "SRID=28992;POLYGON ((110000 500000, 120000 500000, 120000 487500, 110000 487500, 110000 500000))"}}, {"model": "bro.mapsheet", "pk": 149, "fields": {"area": 125000000.0, "perimeter": 45000.0, "topo_2561_field": 150, "topo_25611": 115, "bladnaam": "Ilpendam", "nr": 25, "ltr": "E", "district": "W", "blad": "25E", "geom": "SRID=28992;POLYGON ((120000 500000, 130000 500000, 130000 487500, 120000 487500, 120000 500000))"}}, {"model": "bro.mapsheet", "pk": 150, "fields": {"area": 125000000.0, "perimeter": 45000.0, "topo_2561_field": 151, "topo_25611": 116, "bladnaam": "Monnickendam", "nr": 25, "ltr": "F", "district": "W", "blad": "25F", "geom": "SRID=28992;POLYGON ((130000 500000, 140000 500000, 140000 487500, 130000 487500, 130000 500000))"}}, {"model": "bro.mapsheet", "pk": 151, "fields": {"area": 125000000.0, "perimeter": 45000.0, "topo_2561_field": 152, "topo_25611": 117, "bladnaam": "Almere-Buiten", "nr": 26, "ltr": "A", "district": "W", "blad": "26A", "geom": "SRID=28992;POLYGON ((140000 500000, 150000 500000, 150000 487500, 140000 487500, 140000 500000))"}}, {"model": "bro.mapsheet", "pk": 152, "fields": {"area": 125000000.0, "perimeter": 45000.0, "topo_2561_field": 153, "topo_25611": 118, "bladnaam": "Knardijk", "nr": 26, "ltr": "B", "district": "W", "blad": "26B", "geom": "SRID=28992;POLYGON ((150000 500000, 160000 500000, 160000 487500, 150000 487500, 150000 500000))"}}, {"model": "bro.mapsheet", "pk": 153, "fields": {"area": 125000000.0, "perimeter": 45000.0, "topo_2561_field": 154, "topo_25611": 119, "bladnaam": "Larsen", "nr": 26, "ltr": "E", "district": "W", "blad": "26E", "geom": "SRID=28992;POLYGON ((160000 500000, 170000 500000, 170000 487500, 160000 487500, 160000 500000))"}}, {"model": "bro.mapsheet", "pk": 154, "fields": {"area": 125000000.0, "perimeter": 45000.0, "topo_2561_field": 155, "topo_25611": 120, "bladnaam": "Hoophuizen", "nr": 26, "ltr": "F", "district": "W", "blad": "26F", "geom": "SRID=28992;POLYGON ((170000 500000, 180000 500000, 180000 487500, 170000 487500, 170000 500000))"}}, {"model": "bro.mapsheet", "pk": 155, "fields": {"area": 125000000.0, "perimeter": 45000.0, "topo_2561_field": 156, "topo_25611": 121, "bladnaam": "Elburg", "nr": 27, "ltr": "A", "district": "NO", "blad": "27A", "geom": "SRID=28992;POLYGON ((180000 500000, 190000 500000, 190000 487500, 180000 487500, 180000 500000))"}}, {"model": "bro.mapsheet", "pk": 156, "fields": {"area": 125000000.0, "perimeter": 45000.0, "topo_2561_field": 157, "topo_25611": 122, "bladnaam": "Heerde", "nr": 27, "ltr": "B", "district": "NO", "blad": "27B", "geom": "SRID=28992;POLYGON ((190000 500000, 200000 500000, 200000 487500, 190000 487500, 190000 500000))"}}, {"model": "bro.mapsheet", "pk": 157, "fields": {"area": 125000000.0, "perimeter": 45000.0, "topo_2561_field": 158, "topo_25611": 123, "bladnaam": "Wijhe", "nr": 27, "ltr": "E", "district": "NO", "blad": "27E", "geom": "SRID=28992;POLYGON ((200000 500000, 210000 500000, 210000 487500, 200000 487500, 200000 500000))"}}, {"model": "bro.mapsheet", "pk": 158, "fields": {"area": 125000000.0, "perimeter": 45000.0, "topo_2561_field": 159, "topo_25611": 124, "bladnaam": "Raalte", "nr": 27, "ltr": "F", "district": "NO", "blad": "27F", "geom": "SRID=28992;POLYGON ((210000 500000, 220000 500000, 220000 487500, 210000 487500, 210000 500000))"}}, {"model": "bro.mapsheet", "pk": 159, "fields": {"area": 125000000.0, "perimeter": 45000.0, "topo_2561_field": 160, "topo_25611": 125, "bladnaam": "Hellendoorn", "nr": 28, "ltr": "A", "district": "NO", "blad": "28A", "geom": "SRID=28992;POLYGON ((220000 500000, 230000 500000, 230000 487500, 220000 487500, 220000 500000))"}}, {"model": "bro.mapsheet", "pk": 160, "fields": {"area": 125000000.0, "perimeter": 45000.0, "topo_2561_field": 161, "topo_25611": 126, "bladnaam": "Vriezenveen", "nr": 28, "ltr": "B", "district": "NO", "blad": "28B", "geom": "SRID=28992;POLYGON ((230000 500000, 240000 500000, 240000 487500, 230000 487500, 230000 500000))"}}, {"model": "bro.mapsheet", "pk": 161, "fields": {"area": 125000000.0, "perimeter": 45000.0, "topo_2561_field": 162, "topo_25611": 127, "bladnaam": "Tubbergen", "nr": 28, "ltr": "E", "district": "NO", "blad": "28E", "geom": "SRID=28992;POLYGON ((240000 500000, 250000 500000, 250000 487500, 240000 487500, 240000 500000))"}}, {"model": "bro.mapsheet", "pk": 162, "fields": {"area": 125000000.0, "perimeter": 45000.0, "topo_2561_field": 163, "topo_25611": 128, "bladnaam": "Ootmarsum", "nr": 28, "ltr": "F", "district": "NO", "blad": "28F", "geom": "SRID=28992;POLYGON ((250000 500000, 260000 500000, 260000 487500, 250000 487500, 250000 500000))"}}, {"model": "bro.mapsheet", "pk": 163, "fields": {"area": 125000000.0, "perimeter": 45000.0, "topo_2561_field": 164, "topo_25611": 129, "bladnaam": "Denekamp", "nr": 29, "ltr": "A", "district": "NO", "blad": "29A", "geom": "SRID=28992;POLYGON ((260000 487500, 260000 500000, 270000 500000, 270000 487500, 260000 487500))"}}, {"model": "bro.mapsheet", "pk": 164, "fields": {"area": 125000000.0, "perimeter": 45000.0, "topo_2561_field": 165, "topo_25611": 131, "bladnaam": "Hillegom", "nr": 24, "ltr": "H", "district": "W", "blad": "24H", "geom": "SRID=28992;POLYGON ((90000 487500, 100000 487500, 100000 475000, 90000 475000, 90000 487500))"}}, {"model": "bro.mapsheet", "pk": 165, "fields": {"area": 125000000.0, "perimeter": 45000.0, "topo_2561_field": 166, "topo_25611": 132, "bladnaam": "Hoofddorp", "nr": 25, "ltr": "C", "district": "W", "blad": "25C", "geom": "SRID=28992;POLYGON ((100000 487500, 110000 487500, 110000 475000, 100000 475000, 100000 487500))"}}, {"model": "bro.mapsheet", "pk": 166, "fields": {"area": 125000000.0, "perimeter": 45000.0, "topo_2561_field": 167, "topo_25611": 133, "bladnaam": "Amstelveen", "nr": 25, "ltr": "D", "district": "W", "blad": "25D", "geom": "SRID=28992;POLYGON ((110000 487500, 120000 487500, 120000 475000, 110000 475000, 110000 487500))"}}, {"model": "bro.mapsheet", "pk": 167, "fields": {"area": 125000000.0, "perimeter": 45000.0, "topo_2561_field": 168, "topo_25611": 135, "bladnaam": "Bussum", "nr": 25, "ltr": "H", "district": "W", "blad": "25H", "geom": "SRID=28992;POLYGON ((130000 487500, 140000 487500, 140000 475000, 130000 475000, 130000 487500))"}}, {"model": "bro.mapsheet", "pk": 168, "fields": {"area": 125000000.0, "perimeter": 45000.0, "topo_2561_field": 169, "topo_25611": 136, "bladnaam": "Huizen", "nr": 26, "ltr": "C", "district": "W", "blad": "26C", "geom": "SRID=28992;POLYGON ((140000 487500, 150000 487500, 150000 475000, 140000 475000, 140000 487500))"}}, {"model": "bro.mapsheet", "pk": 169, "fields": {"area": 125000000.0, "perimeter": 45000.0, "topo_2561_field": 170, "topo_25611": 137, "bladnaam": "Veen- en Veldendijk", "nr": 26, "ltr": "D", "district": "W", "blad": "26D", "geom": "SRID=28992;POLYGON ((150000 487500, 160000 487500, 160000 475000, 150000 475000, 150000 487500))"}}, {"model": "bro.mapsheet", "pk": 170, "fields": {"area": 125000000.0, "perimeter": 45000.0, "topo_2561_field": 171, "topo_25611": 138, "bladnaam": "Horst", "nr": 26, "ltr": "G", "district": "W", "blad": "26G", "geom": "SRID=28992;POLYGON ((160000 487500, 170000 487500, 170000 475000, 160000 475000, 160000 487500))"}}, {"model": "bro.mapsheet", "pk": 171, "fields": {"area": 125000000.0, "perimeter": 45000.0, "topo_2561_field": 172, "topo_25611": 139, "bladnaam": "Ermelo", "nr": 26, "ltr": "H", "district": "NO", "blad": "26H", "geom": "SRID=28992;POLYGON ((170000 487500, 180000 487500, 180000 475000, 170000 475000, 170000 487500))"}}, {"model": "bro.mapsheet", "pk": 172, "fields": {"area": 125000000.0, "perimeter": 45000.0, "topo_2561_field": 173, "topo_25611": 140, "bladnaam": "Elspeet", "nr": 27, "ltr": "C", "district": "NO", "blad": "27C", "geom": "SRID=28992;POLYGON ((180000 487500, 190000 487500, 190000 475000, 180000 475000, 180000 487500))"}}, {"model": "bro.mapsheet", "pk": 173, "fields": {"area": 125000000.0, "perimeter": 45000.0, "topo_2561_field": 174, "topo_25611": 141, "bladnaam": "Epe", "nr": 27, "ltr": "D", "district": "NO", "blad": "27D", "geom": "SRID=28992;POLYGON ((190000 487500, 200000 487500, 200000 475000, 190000 475000, 190000 487500))"}}, {"model": "bro.mapsheet", "pk": 174, "fields": {"area": 125000000.0, "perimeter": 45000.0, "topo_2561_field": 175, "topo_25611": 142, "bladnaam": "Olst", "nr": 27, "ltr": "G", "district": "NO", "blad": "27G", "geom": "SRID=28992;POLYGON ((200000 487500, 210000 487500, 210000 475000, 200000 475000, 200000 487500))"}}, {"model": "bro.mapsheet", "pk": 175, "fields": {"area": 125000000.0, "perimeter": 45000.0, "topo_2561_field": 176, "topo_25611": 143, "bladnaam": "Heten", "nr": 27, "ltr": "H", "district": "NO", "blad": "27H", "geom": "SRID=28992;POLYGON ((210000 487500, 220000 487500, 220000 475000, 210000 475000, 210000 487500))"}}, {"model": "bro.mapsheet", "pk": 176, "fields": {"area": 125000000.0, "perimeter": 45000.0, "topo_2561_field": 177, "topo_25611": 144, "bladnaam": "Holten", "nr": 28, "ltr": "C", "district": "NO", "blad": "28C", "geom": "SRID=28992;POLYGON ((220000 487500, 230000 487500, 230000 475000, 220000 475000, 220000 487500))"}}, {"model": "bro.mapsheet", "pk": 177, "fields": {"area": 125000000.0, "perimeter": 45000.0, "topo_2561_field": 178, "topo_25611": 145, "bladnaam": "Rijssen", "nr": 28, "ltr": "D", "district": "NO", "blad": "28D", "geom": "SRID=28992;POLYGON ((230000 487500, 240000 487500, 240000 475000, 230000 475000, 230000 487500))"}}, {"model": "bro.mapsheet", "pk": 178, "fields": {"area": 125000000.0, "perimeter": 45000.0, "topo_2561_field": 179, "topo_25611": 146, "bladnaam": "Almelo", "nr": 28, "ltr": "G", "district": "NO", "blad": "28G", "geom": "SRID=28992;POLYGON ((240000 487500, 250000 487500, 250000 475000, 240000 475000, 240000 487500))"}}, {"model": "bro.mapsheet", "pk": 179, "fields": {"area": 125000000.0, "perimeter": 45000.0, "topo_2561_field": 180, "topo_25611": 147, "bladnaam": "Hengelo", "nr": 28, "ltr": "H", "district": "NO", "blad": "28H", "geom": "SRID=28992;POLYGON ((250000 487500, 260000 487500, 260000 475000, 250000 475000, 250000 487500))"}}, {"model": "bro.mapsheet", "pk": 180, "fields": {"area": 125000000.0, "perimeter": 45000.0, "topo_2561_field": 181, "topo_25611": 148, "bladnaam": "Losser", "nr": 29, "ltr": "C", "district": "NO", "blad": "29C", "geom": "SRID=28992;POLYGON ((260000 487500, 270000 487500, 270000 475000, 260000 475000, 260000 487500))"}}, {"model": "bro.mapsheet", "pk": 181, "fields": {"area": 125000000.0, "perimeter": 45000.0, "topo_2561_field": 182, "topo_25611": 150, "bladnaam": "Katwijk", "nr": 30, "ltr": "E", "district": "W", "blad": "30E", "geom": "SRID=28992;POLYGON ((80000 462500, 80000 475000, 90000 475000, 90000 462500, 80000 462500))"}}, {"model": "bro.mapsheet", "pk": 182, "fields": {"area": 125000000.0, "perimeter": 45000.0, "topo_2561_field": 183, "topo_25611": 151, "bladnaam": "Leiden", "nr": 30, "ltr": "F", "district": "W", "blad": "30F", "geom": "SRID=28992;POLYGON ((90000 475000, 100000 475000, 100000 462500, 90000 462500, 90000 475000))"}}, {"model": "bro.mapsheet", "pk": 183, "fields": {"area": 125000000.0, "perimeter": 45000.0, "topo_2561_field": 184, "topo_25611": 152, "bladnaam": "Rijnsaterwoude", "nr": 31, "ltr": "A", "district": "W", "blad": "31A", "geom": "SRID=28992;POLYGON ((100000 475000, 110000 475000, 110000 462500, 100000 462500, 100000 475000))"}}, {"model": "bro.mapsheet", "pk": 184, "fields": {"area": 125000000.0, "perimeter": 45000.0, "topo_2561_field": 185, "topo_25611": 153, "bladnaam": "Uithoorn", "nr": 31, "ltr": "B", "district": "W", "blad": "31B", "geom": "SRID=28992;POLYGON ((110000 475000, 120000 475000, 120000 462500, 110000 462500, 110000 475000))"}}, {"model": "bro.mapsheet", "pk": 185, "fields": {"area": 125000000.0, "perimeter": 45000.0, "topo_2561_field": 186, "topo_25611": 154, "bladnaam": "Vinkeveen", "nr": 31, "ltr": "E", "district": "W", "blad": "31E", "geom": "SRID=28992;POLYGON ((120000 475000, 130000 475000, 130000 462500, 120000 462500, 120000 475000))"}}, {"model": "bro.mapsheet", "pk": 186, "fields": {"area": 125000000.0, "perimeter": 45000.0, "topo_2561_field": 187, "topo_25611": 155, "bladnaam": "Oud-Loosdrecht", "nr": 31, "ltr": "F", "district": "W", "blad": "31F", "geom": "SRID=28992;POLYGON ((130000 475000, 140000 475000, 140000 462500, 130000 462500, 130000 475000))"}}, {"model": "bro.mapsheet", "pk": 187, "fields": {"area": 125000000.0, "perimeter": 45000.0, "topo_2561_field": 188, "topo_25611": 156, "bladnaam": "Soestdijk", "nr": 32, "ltr": "A", "district": "W", "blad": "32A", "geom": "SRID=28992;POLYGON ((140000 475000, 150000 475000, 150000 462500, 140000 462500, 140000 475000))"}}, {"model": "bro.mapsheet", "pk": 188, "fields": {"area": 125000000.0, "perimeter": 45000.0, "topo_2561_field": 189, "topo_25611": 157, "bladnaam": "Amersfoort", "nr": 32, "ltr": "B", "district": "W", "blad": "32B", "geom": "SRID=28992;POLYGON ((150000 475000, 160000 475000, 160000 462500, 150000 462500, 150000 475000))"}}, {"model": "bro.mapsheet", "pk": 189, "fields": {"area": 125000000.0, "perimeter": 45000.0, "topo_2561_field": 190, "topo_25611": 158, "bladnaam": "Nijkerk", "nr": 32, "ltr": "E", "district": "NO", "blad": "32E", "geom": "SRID=28992;POLYGON ((160000 475000, 170000 475000, 170000 462500, 160000 462500, 160000 475000))"}}, {"model": "bro.mapsheet", "pk": 190, "fields": {"area": 125000000.0, "perimeter": 45000.0, "topo_2561_field": 191, "topo_25611": 159, "bladnaam": "Garderen", "nr": 32, "ltr": "F", "district": "NO", "blad": "32F", "geom": "SRID=28992;POLYGON ((170000 475000, 180000 475000, 180000 462500, 170000 462500, 170000 475000))"}}, {"model": "bro.mapsheet", "pk": 191, "fields": {"area": 125000000.0, "perimeter": 45000.0, "topo_2561_field": 192, "topo_25611": 160, "bladnaam": "Kootwijk", "nr": 33, "ltr": "A", "district": "NO", "blad": "33A", "geom": "SRID=28992;POLYGON ((180000 475000, 190000 475000, 190000 462500, 180000 462500, 180000 475000))"}}, {"model": "bro.mapsheet", "pk": 192, "fields": {"area": 125000000.0, "perimeter": 45000.0, "topo_2561_field": 193, "topo_25611": 161, "bladnaam": "Apeldoorn", "nr": 33, "ltr": "B", "district": "NO", "blad": "33B", "geom": "SRID=28992;POLYGON ((190000 475000, 200000 475000, 200000 462500, 190000 462500, 190000 475000))"}}, {"model": "bro.mapsheet", "pk": 193, "fields": {"area": 125000000.0, "perimeter": 45000.0, "topo_2561_field": 194, "topo_25611": 162, "bladnaam": "Deventer", "nr": 33, "ltr": "E", "district": "NO", "blad": "33E", "geom": "SRID=28992;POLYGON ((200000 475000, 210000 475000, 210000 462500, 200000 462500, 200000 475000))"}}, {"model": "bro.mapsheet", "pk": 194, "fields": {"area": 125000000.0, "perimeter": 45000.0, "topo_2561_field": 195, "topo_25611": 163, "bladnaam": "Eefde", "nr": 33, "ltr": "F", "district": "NO", "blad": "33F", "geom": "SRID=28992;POLYGON ((210000 475000, 220000 475000, 220000 462500, 210000 462500, 210000 475000))"}}, {"model": "bro.mapsheet", "pk": 195, "fields": {"area": 125000000.0, "perimeter": 45000.0, "topo_2561_field": 196, "topo_25611": 164, "bladnaam": "Lochem", "nr": 34, "ltr": "A", "district": "NO", "blad": "34A", "geom": "SRID=28992;POLYGON ((220000 475000, 230000 475000, 230000 462500, 220000 462500, 220000 475000))"}}, {"model": "bro.mapsheet", "pk": 196, "fields": {"area": 125000000.0, "perimeter": 45000.0, "topo_2561_field": 197, "topo_25611": 165, "bladnaam": "Goor", "nr": 34, "ltr": "B", "district": "NO", "blad": "34B", "geom": "SRID=28992;POLYGON ((230000 475000, 240000 475000, 240000 462500, 230000 462500, 230000 475000))"}}, {"model": "bro.mapsheet", "pk": 197, "fields": {"area": 125000000.0, "perimeter": 45000.0, "topo_2561_field": 198, "topo_25611": 166, "bladnaam": "Haaksbergen", "nr": 34, "ltr": "E", "district": "NO", "blad": "34E", "geom": "SRID=28992;POLYGON ((240000 475000, 250000 475000, 250000 462500, 240000 462500, 240000 475000))"}}, {"model": "bro.mapsheet", "pk": 198, "fields": {"area": 125000000.0, "perimeter": 45000.0, "topo_2561_field": 199, "topo_25611": 319, "bladnaam": "Enschede", "nr": 34, "ltr": "F", "district": "NO", "blad": "34F", "geom": "SRID=28992;POLYGON ((250000 475000, 260000 475000, 260000 462500, 250000 462500, 250000 475000))"}}, {"model": "bro.mapsheet", "pk": 199, "fields": {"area": 125000000.0, "perimeter": 45000.0, "topo_2561_field": 200, "topo_25611": 422, "bladnaam": "Glanerbrug", "nr": 35, "ltr": "A", "district": "NO", "blad": "35A", "geom": "SRID=28992;POLYGON ((270000 475000, 270000 462500, 260000 462500, 260000 475000, 270000 475000))"}}, {"model": "bro.mapsheet", "pk": 200, "fields": {"area": 125000000.0, "perimeter": 45000.0, "topo_2561_field": 201, "topo_25611": 169, "bladnaam": "Scheveningen", "nr": 30, "ltr": "D", "district": "W", "blad": "30D", "geom": "SRID=28992;POLYGON ((70000 450000, 70000 462500, 80000 462500, 80000 450000, 70000 450000))"}}, {"model": "bro.mapsheet", "pk": 201, "fields": {"area": 125000000.0, "perimeter": 45000.0, "topo_2561_field": 202, "topo_25611": 170, "bladnaam": "`s-Gravenhage", "nr": 30, "ltr": "G", "district": "W", "blad": "30G", "geom": "SRID=28992;POLYGON ((80000 462500, 90000 462500, 90000 450000, 80000 450000, 80000 462500))"}}, {"model": "bro.mapsheet", "pk": 202, "fields": {"area": 125000000.0, "perimeter": 45000.0, "topo_2561_field": 203, "topo_25611": 171, "bladnaam": "Zoetermeer", "nr": 30, "ltr": "H", "district": "W", "blad": "30H", "geom": "SRID=28992;POLYGON ((90000 462500, 100000 462500, 100000 450000, 90000 450000, 90000 462500))"}}, {"model": "bro.mapsheet", "pk": 203, "fields": {"area": 125000000.0, "perimeter": 45000.0, "topo_2561_field": 204, "topo_25611": 172, "bladnaam": "Boskoop", "nr": 31, "ltr": "C", "district": "W", "blad": "31C", "geom": "SRID=28992;POLYGON ((100000 462500, 110000 462500, 110000 450000, 100000 450000, 100000 462500))"}}, {"model": "bro.mapsheet", "pk": 204, "fields": {"area": 125000000.0, "perimeter": 45000.0, "topo_2561_field": 205, "topo_25611": 173, "bladnaam": "Bodegraven", "nr": 31, "ltr": "D", "district": "W", "blad": "31D", "geom": "SRID=28992;POLYGON ((110000 462500, 120000 462500, 120000 450000, 110000 450000, 110000 462500))"}}, {"model": "bro.mapsheet", "pk": 205, "fields": {"area": 125000000.0, "perimeter": 45000.0, "topo_2561_field": 206, "topo_25611": 174, "bladnaam": "Woerden", "nr": 31, "ltr": "G", "district": "W", "blad": "31G", "geom": "SRID=28992;POLYGON ((120000 462500, 130000 462500, 130000 450000, 120000 450000, 120000 462500))"}}, {"model": "bro.mapsheet", "pk": 206, "fields": {"area": 125000000.0, "perimeter": 45000.0, "topo_2561_field": 207, "topo_25611": 175, "bladnaam": "Utrecht", "nr": 31, "ltr": "H", "district": "W", "blad": "31H", "geom": "SRID=28992;POLYGON ((130000 462500, 140000 462500, 140000 450000, 130000 450000, 130000 462500))"}}, {"model": "bro.mapsheet", "pk": 207, "fields": {"area": 125000000.0, "perimeter": 45000.0, "topo_2561_field": 208, "topo_25611": 176, "bladnaam": "Zeist", "nr": 32, "ltr": "C", "district": "W", "blad": "32C", "geom": "SRID=28992;POLYGON ((140000 462500, 150000 462500, 150000 450000, 140000 450000, 140000 462500))"}}, {"model": "bro.mapsheet", "pk": 208, "fields": {"area": 125000000.0, "perimeter": 45000.0, "topo_2561_field": 209, "topo_25611": 177, "bladnaam": "Woudenberg", "nr": 32, "ltr": "D", "district": "W", "blad": "32D", "geom": "SRID=28992;POLYGON ((150000 462500, 160000 462500, 160000 450000, 150000 450000, 150000 462500))"}}, {"model": "bro.mapsheet", "pk": 209, "fields": {"area": 125000000.0, "perimeter": 45000.0, "topo_2561_field": 210, "topo_25611": 178, "bladnaam": "Barneveld", "nr": 32, "ltr": "G", "district": "NO", "blad": "32G", "geom": "SRID=28992;POLYGON ((160000 462500, 170000 462500, 170000 450000, 160000 450000, 160000 462500))"}}, {"model": "bro.mapsheet", "pk": 210, "fields": {"area": 125000000.0, "perimeter": 45000.0, "topo_2561_field": 211, "topo_25611": 179, "bladnaam": "Ede", "nr": 32, "ltr": "H", "district": "NO", "blad": "32H", "geom": "SRID=28992;POLYGON ((170000 462500, 180000 462500, 180000 450000, 170000 450000, 170000 462500))"}}, {"model": "bro.mapsheet", "pk": 211, "fields": {"area": 125000000.0, "perimeter": 45000.0, "topo_2561_field": 212, "topo_25611": 180, "bladnaam": "Hoenderloo", "nr": 33, "ltr": "C", "district": "NO", "blad": "33C", "geom": "SRID=28992;POLYGON ((180000 462500, 190000 462500, 190000 450000, 180000 450000, 180000 462500))"}}, {"model": "bro.mapsheet", "pk": 212, "fields": {"area": 125000000.0, "perimeter": 45000.0, "topo_2561_field": 213, "topo_25611": 181, "bladnaam": "Loenen", "nr": 33, "ltr": "D", "district": "NO", "blad": "33D", "geom": "SRID=28992;POLYGON ((190000 462500, 200000 462500, 200000 450000, 190000 450000, 190000 462500))"}}, {"model": "bro.mapsheet", "pk": 213, "fields": {"area": 125000000.0, "perimeter": 45000.0, "topo_2561_field": 214, "topo_25611": 182, "bladnaam": "Dieren", "nr": 33, "ltr": "G", "district": "NO", "blad": "33G", "geom": "SRID=28992;POLYGON ((200000 462500, 210000 462500, 210000 450000, 200000 450000, 200000 462500))"}}, {"model": "bro.mapsheet", "pk": 214, "fields": {"area": 125000000.0, "perimeter": 45000.0, "topo_2561_field": 215, "topo_25611": 183, "bladnaam": "Vorden", "nr": 33, "ltr": "H", "district": "NO", "blad": "33H", "geom": "SRID=28992;POLYGON ((210000 462500, 220000 462500, 220000 450000, 210000 450000, 210000 462500))"}}, {"model": "bro.mapsheet", "pk": 215, "fields": {"area": 125000000.0, "perimeter": 45000.0, "topo_2561_field": 216, "topo_25611": 184, "bladnaam": "Ruurlo", "nr": 34, "ltr": "C", "district": "NO", "blad": "34C", "geom": "SRID=28992;POLYGON ((220000 462500, 230000 462500, 230000 450000, 220000 450000, 220000 462500))"}}, {"model": "bro.mapsheet", "pk": 216, "fields": {"area": 125000000.0, "perimeter": 45000.0, "topo_2561_field": 217, "topo_25611": 185, "bladnaam": "Groenlo", "nr": 34, "ltr": "D", "district": "NO", "blad": "34D", "geom": "SRID=28992;POLYGON ((230000 462500, 240000 462500, 240000 450000, 230000 450000, 230000 462500))"}}, {"model": "bro.mapsheet", "pk": 217, "fields": {"area": 125000000.0, "perimeter": 45000.0, "topo_2561_field": 218, "topo_25611": 186, "bladnaam": "Eibergen", "nr": 34, "ltr": "G", "district": "NO", "blad": "34G", "geom": "SRID=28992;POLYGON ((240000 462500, 250000 462500, 250000 450000, 240000 450000, 240000 462500))"}}, {"model": "bro.mapsheet", "pk": 218, "fields": {"area": 125000000.0, "perimeter": 45000.0, "topo_2561_field": 219, "topo_25611": 423, "bladnaam": "Zendervelderveld", "nr": 34, "ltr": "H", "district": "NO", "blad": "34H", "geom": "SRID=28992;POLYGON ((250000 462500, 260000 462500, 260000 450000, 250000 450000, 250000 462500))"}}, {"model": "bro.mapsheet", "pk": 219, "fields": {"area": 125000000.0, "perimeter": 45000.0, "topo_2561_field": 220, "topo_25611": 188, "bladnaam": "Hoek van Holland", "nr": 37, "ltr": "A", "district": "W", "blad": "37A", "geom": "SRID=28992;POLYGON ((60000 437500, 60000 450000, 70000 450000, 70000 437500, 60000 437500))"}}, {"model": "bro.mapsheet", "pk": 220, "fields": {"area": 125000000.0, "perimeter": 45000.0, "topo_2561_field": 221, "topo_25611": 189, "bladnaam": "Naaldwijk", "nr": 37, "ltr": "B", "district": "W", "blad": "37B", "geom": "SRID=28992;POLYGON ((70000 450000, 80000 450000, 80000 437500, 70000 437500, 70000 450000))"}}, {"model": "bro.mapsheet", "pk": 221, "fields": {"area": 125000000.0, "perimeter": 45000.0, "topo_2561_field": 222, "topo_25611": 190, "bladnaam": "Delft", "nr": 37, "ltr": "E", "district": "W", "blad": "37E", "geom": "SRID=28992;POLYGON ((80000 450000, 90000 450000, 90000 437500, 80000 437500, 80000 450000))"}}, {"model": "bro.mapsheet", "pk": 222, "fields": {"area": 125000000.0, "perimeter": 45000.0, "topo_2561_field": 223, "topo_25611": 191, "bladnaam": "Hillegersberg", "nr": 37, "ltr": "F", "district": "W", "blad": "37F", "geom": "SRID=28992;POLYGON ((90000 450000, 100000 450000, 100000 437500, 90000 437500, 90000 450000))"}}, {"model": "bro.mapsheet", "pk": 223, "fields": {"area": 125000000.0, "perimeter": 45000.0, "topo_2561_field": 224, "topo_25611": 192, "bladnaam": "Gouda", "nr": 38, "ltr": "A", "district": "W", "blad": "38A", "geom": "SRID=28992;POLYGON ((100000 450000, 110000 450000, 110000 437500, 100000 437500, 100000 450000))"}}, {"model": "bro.mapsheet", "pk": 224, "fields": {"area": 125000000.0, "perimeter": 45000.0, "topo_2561_field": 225, "topo_25611": 193, "bladnaam": "Schoonhoven", "nr": 38, "ltr": "B", "district": "W", "blad": "38B", "geom": "SRID=28992;POLYGON ((110000 450000, 120000 450000, 120000 437500, 110000 437500, 110000 450000))"}}, {"model": "bro.mapsheet", "pk": 225, "fields": {"area": 125000000.0, "perimeter": 45000.0, "topo_2561_field": 226, "topo_25611": 194, "bladnaam": "Benscho", "nr": 38, "ltr": "E", "district": "W", "blad": "38E", "geom": "SRID=28992;POLYGON ((120000 450000, 130000 450000, 130000 437500, 120000 437500, 120000 450000))"}}, {"model": "bro.mapsheet", "pk": 226, "fields": {"area": 125000000.0, "perimeter": 45000.0, "topo_2561_field": 227, "topo_25611": 195, "bladnaam": "Vianen", "nr": 38, "ltr": "F", "district": "W", "blad": "38F", "geom": "SRID=28992;POLYGON ((130000 450000, 140000 450000, 140000 437500, 130000 437500, 130000 450000))"}}, {"model": "bro.mapsheet", "pk": 227, "fields": {"area": 125000000.0, "perimeter": 45000.0, "topo_2561_field": 228, "topo_25611": 196, "bladnaam": "Culemborg", "nr": 39, "ltr": "A", "district": "W", "blad": "39A", "geom": "SRID=28992;POLYGON ((140000 450000, 150000 450000, 150000 437500, 140000 437500, 140000 450000))"}}, {"model": "bro.mapsheet", "pk": 228, "fields": {"area": 125000000.0, "perimeter": 45000.0, "topo_2561_field": 229, "topo_25611": 197, "bladnaam": "Wijk bij Duurstede", "nr": 39, "ltr": "B", "district": "W", "blad": "39B", "geom": "SRID=28992;POLYGON ((150000 450000, 160000 450000, 160000 437500, 150000 437500, 150000 450000))"}}, {"model": "bro.mapsheet", "pk": 229, "fields": {"area": 125000000.0, "perimeter": 45000.0, "topo_2561_field": 230, "topo_25611": 198, "bladnaam": "Rhenen", "nr": 39, "ltr": "E", "district": "NO", "blad": "39E", "geom": "SRID=28992;POLYGON ((160000 450000, 170000 450000, 170000 437500, 160000 437500, 160000 450000))"}}, {"model": "bro.mapsheet", "pk": 230, "fields": {"area": 125000000.0, "perimeter": 45000.0, "topo_2561_field": 231, "topo_25611": 199, "bladnaam": "Wageningen", "nr": 39, "ltr": "F", "district": "NO", "blad": "39F", "geom": "SRID=28992;POLYGON ((170000 450000, 180000 450000, 180000 437500, 170000 437500, 170000 450000))"}}, {"model": "bro.mapsheet", "pk": 231, "fields": {"area": 125000000.0, "perimeter": 45000.0, "topo_2561_field": 232, "topo_25611": 200, "bladnaam": "Oosterbeek", "nr": 40, "ltr": "A", "district": "NO", "blad": "40A", "geom": "SRID=28992;POLYGON ((180000 450000, 190000 450000, 190000 437500, 180000 437500, 180000 450000))"}}, {"model": "bro.mapsheet", "pk": 232, "fields": {"area": 125000000.0, "perimeter": 45000.0, "topo_2561_field": 233, "topo_25611": 201, "bladnaam": "Arnhem", "nr": 40, "ltr": "B", "district": "NO", "blad": "40B", "geom": "SRID=28992;POLYGON ((190000 450000, 200000 450000, 200000 437500, 190000 437500, 190000 450000))"}}, {"model": "bro.mapsheet", "pk": 233, "fields": {"area": 125000000.0, "perimeter": 45000.0, "topo_2561_field": 234, "topo_25611": 202, "bladnaam": "Doesburg", "nr": 40, "ltr": "E", "district": "NO", "blad": "40E", "geom": "SRID=28992;POLYGON ((200000 450000, 210000 450000, 210000 437500, 200000 437500, 200000 450000))"}}, {"model": "bro.mapsheet", "pk": 234, "fields": {"area": 125000000.0, "perimeter": 45000.0, "topo_2561_field": 235, "topo_25611": 203, "bladnaam": "Doetinchem", "nr": 40, "ltr": "F", "district": "NO", "blad": "40F", "geom": "SRID=28992;POLYGON ((210000 450000, 220000 450000, 220000 437500, 210000 437500, 210000 450000))"}}, {"model": "bro.mapsheet", "pk": 235, "fields": {"area": 125000000.0, "perimeter": 45000.0, "topo_2561_field": 236, "topo_25611": 204, "bladnaam": "Varsseveld", "nr": 41, "ltr": "A", "district": "NO", "blad": "41A", "geom": "SRID=28992;POLYGON ((220000 450000, 230000 450000, 230000 437500, 220000 437500, 220000 450000))"}}, {"model": "bro.mapsheet", "pk": 236, "fields": {"area": 125000000.0, "perimeter": 45000.0, "topo_2561_field": 237, "topo_25611": 205, "bladnaam": "Aalten", "nr": 41, "ltr": "B", "district": "NO", "blad": "41B", "geom": "SRID=28992;POLYGON ((230000 450000, 240000 450000, 240000 437500, 230000 437500, 230000 450000))"}}, {"model": "bro.mapsheet", "pk": 237, "fields": {"area": 125000000.0, "perimeter": 45000.0, "topo_2561_field": 238, "topo_25611": 320, "bladnaam": "Winterswijk", "nr": 41, "ltr": "E", "district": "NO", "blad": "41E", "geom": "SRID=28992;POLYGON ((240000 450000, 250000 450000, 250000 437500, 240000 437500, 240000 450000))"}}, {"model": "bro.mapsheet", "pk": 238, "fields": {"area": 125000000.0, "perimeter": 45000.0, "topo_2561_field": 239, "topo_25611": 424, "bladnaam": "Ratum", "nr": 41, "ltr": "F", "district": "NO", "blad": "41F", "geom": "SRID=28992;POLYGON ((250000 450000, 260000 450000, 260000 437500, 250000 437500, 250000 450000))"}}, {"model": "bro.mapsheet", "pk": 239, "fields": {"area": 137500000.0, "perimeter": 47000.0, "topo_2561_field": 240, "topo_25611": 371, "bladnaam": "Oudorp", "nr": 36, "ltr": "H", "district": "W", "blad": "36H", "geom": "SRID=28992;POLYGON ((49000 425000, 49000 437500, 60000 437500, 60000 425000, 50000 425000, 49000 425000))"}}, {"model": "bro.mapsheet", "pk": 240, "fields": {"area": 125000000.0, "perimeter": 45000.0, "topo_2561_field": 241, "topo_25611": 188, "bladnaam": "Hellevoetsluis", "nr": 37, "ltr": "C", "district": "W", "blad": "37C", "geom": "SRID=28992;POLYGON ((60000 437500, 70000 437500, 70000 425000, 60000 425000, 60000 437500))"}}, {"model": "bro.mapsheet", "pk": 241, "fields": {"area": 125000000.0, "perimeter": 45000.0, "topo_2561_field": 242, "topo_25611": 208, "bladnaam": "Brielle", "nr": 37, "ltr": "D", "district": "W", "blad": "37D", "geom": "SRID=28992;POLYGON ((70000 437500, 80000 437500, 80000 425000, 70000 425000, 70000 437500))"}}, {"model": "bro.mapsheet", "pk": 242, "fields": {"area": 125000000.0, "perimeter": 45000.0, "topo_2561_field": 243, "topo_25611": 209, "bladnaam": "Schiedam", "nr": 37, "ltr": "G", "district": "W", "blad": "37G", "geom": "SRID=28992;POLYGON ((80000 437500, 90000 437500, 90000 425000, 80000 425000, 80000 437500))"}}, {"model": "bro.mapsheet", "pk": 243, "fields": {"area": 125000000.0, "perimeter": 45000.0, "topo_2561_field": 244, "topo_25611": 210, "bladnaam": "Barendrecht", "nr": 37, "ltr": "H", "district": "W", "blad": "37H", "geom": "SRID=28992;POLYGON ((90000 437500, 100000 437500, 100000 425000, 90000 425000, 90000 437500))"}}, {"model": "bro.mapsheet", "pk": 244, "fields": {"area": 125000000.0, "perimeter": 45000.0, "topo_2561_field": 245, "topo_25611": 211, "bladnaam": "Alblasserdam", "nr": 38, "ltr": "C", "district": "W", "blad": "38C", "geom": "SRID=28992;POLYGON ((100000 437500, 110000 437500, 110000 425000, 100000 425000, 100000 437500))"}}, {"model": "bro.mapsheet", "pk": 245, "fields": {"area": 125000000.0, "perimeter": 45000.0, "topo_2561_field": 246, "topo_25611": 212, "bladnaam": "Molenaarsgraaf", "nr": 38, "ltr": "D", "district": "W", "blad": "38D", "geom": "SRID=28992;POLYGON ((110000 437500, 120000 437500, 120000 425000, 110000 425000, 110000 437500))"}}, {"model": "bro.mapsheet", "pk": 246, "fields": {"area": 125000000.0, "perimeter": 45000.0, "topo_2561_field": 247, "topo_25611": 213, "bladnaam": "Gorinchem", "nr": 38, "ltr": "G", "district": "W", "blad": "38G", "geom": "SRID=28992;POLYGON ((120000 437500, 130000 437500, 130000 425000, 120000 425000, 120000 437500))"}}, {"model": "bro.mapsheet", "pk": 247, "fields": {"area": 125000000.0, "perimeter": 45000.0, "topo_2561_field": 248, "topo_25611": 214, "bladnaam": "Leerdam", "nr": 38, "ltr": "H", "district": "W", "blad": "38H", "geom": "SRID=28992;POLYGON ((130000 437500, 140000 437500, 140000 425000, 130000 425000, 130000 437500))"}}, {"model": "bro.mapsheet", "pk": 248, "fields": {"area": 125000000.0, "perimeter": 45000.0, "topo_2561_field": 249, "topo_25611": 215, "bladnaam": "Geldermalsen", "nr": 39, "ltr": "C", "district": "W", "blad": "39C", "geom": "SRID=28992;POLYGON ((140000 437500, 150000 437500, 150000 425000, 140000 425000, 140000 437500))"}}, {"model": "bro.mapsheet", "pk": 249, "fields": {"area": 125000000.0, "perimeter": 45000.0, "topo_2561_field": 250, "topo_25611": 216, "bladnaam": "Tiel", "nr": 39, "ltr": "D", "district": "W", "blad": "39D", "geom": "SRID=28992;POLYGON ((150000 437500, 160000 437500, 160000 425000, 150000 425000, 150000 437500))"}}, {"model": "bro.mapsheet", "pk": 250, "fields": {"area": 125000000.0, "perimeter": 45000.0, "topo_2561_field": 251, "topo_25611": 217, "bladnaam": "Leeuwen", "nr": 39, "ltr": "G", "district": "NO", "blad": "39G", "geom": "SRID=28992;POLYGON ((160000 437500, 170000 437500, 170000 425000, 160000 425000, 160000 437500))"}}, {"model": "bro.mapsheet", "pk": 251, "fields": {"area": 125000000.0, "perimeter": 45000.0, "topo_2561_field": 252, "topo_25611": 218, "bladnaam": "Bergharen", "nr": 39, "ltr": "H", "district": "NO", "blad": "39H", "geom": "SRID=28992;POLYGON ((170000 437500, 180000 437500, 180000 425000, 170000 425000, 170000 437500))"}}, {"model": "bro.mapsheet", "pk": 252, "fields": {"area": 125000000.0, "perimeter": 45000.0, "topo_2561_field": 253, "topo_25611": 219, "bladnaam": "Nijmegen", "nr": 40, "ltr": "C", "district": "NO", "blad": "40C", "geom": "SRID=28992;POLYGON ((180000 437500, 190000 437500, 190000 425000, 180000 425000, 180000 437500))"}}, {"model": "bro.mapsheet", "pk": 253, "fields": {"area": 125000000.0, "perimeter": 45000.0, "topo_2561_field": 254, "topo_25611": 220, "bladnaam": "Doornenburg", "nr": 40, "ltr": "D", "district": "NO", "blad": "40D", "geom": "SRID=28992;POLYGON ((190000 437500, 200000 437500, 200000 425000, 190000 425000, 190000 437500))"}}, {"model": "bro.mapsheet", "pk": 254, "fields": {"area": 125000000.0, "perimeter": 45000.0, "topo_2561_field": 255, "topo_25611": 221, "bladnaam": "Lobith", "nr": 40, "ltr": "G", "district": "NO", "blad": "40G", "geom": "SRID=28992;POLYGON ((200000 437500, 210000 437500, 210000 425000, 207000 425000, 201000 425000, 200000 425000, 200000 437500))"}}, {"model": "bro.mapsheet", "pk": 255, "fields": {"area": 125000000.0, "perimeter": 45000.0, "topo_2561_field": 256, "topo_25611": 222, "bladnaam": "'s-Heerenberg", "nr": 40, "ltr": "H", "district": "NO", "blad": "40H", "geom": "SRID=28992;POLYGON ((210000 437500, 220000 437500, 220000 425000, 210000 425000, 210000 437500))"}}, {"model": "bro.mapsheet", "pk": 256, "fields": {"area": 125000000.0, "perimeter": 45000.0, "topo_2561_field": 257, "topo_25611": 223, "bladnaam": "Gendringen", "nr": 41, "ltr": "C", "district": "NO", "blad": "41C", "geom": "SRID=28992;POLYGON ((220000 437500, 230000 437500, 230000 425000, 220000 425000, 220000 437500))"}}, {"model": "bro.mapsheet", "pk": 257, "fields": {"area": 125000000.0, "perimeter": 45000.0, "topo_2561_field": 258, "topo_25611": 224, "bladnaam": "Dinxperlo", "nr": 41, "ltr": "D", "district": "NO", "blad": "41D", "geom": "SRID=28992;POLYGON ((230000 437500, 240000 437500, 240000 425000, 230000 425000, 230000 437500))"}}, {"model": "bro.mapsheet", "pk": 258, "fields": {"area": 125000000.0, "perimeter": 45000.0, "topo_2561_field": 259, "topo_25611": 443, "bladnaam": "Westerlichttoren", "nr": 42, "ltr": "B", "district": "Z", "blad": "42B", "geom": "SRID=28992;POLYGON ((30000 412500, 30000 425000, 40000 425000, 40000 412500, 30000 412500))"}}, {"model": "bro.mapsheet", "pk": 259, "fields": {"area": 125000000.0, "perimeter": 45000.0, "topo_2561_field": 260, "topo_25611": 331, "bladnaam": "Renete", "nr": 42, "ltr": "E", "district": "Z", "blad": "42E", "geom": "SRID=28992;POLYGON ((40000 425000, 49000 425000, 50000 425000, 50000 412500, 40000 412500, 40000 425000))"}}, {"model": "bro.mapsheet", "pk": 260, "fields": {"area": 125000000.0, "perimeter": 45000.0, "topo_2561_field": 261, "topo_25611": 227, "bladnaam": "Brouwershaven", "nr": 42, "ltr": "F", "district": "Z", "blad": "42F", "geom": "SRID=28992;POLYGON ((50000 425000, 60000 425000, 60000 412500, 50000 412500, 50000 425000))"}}, {"model": "bro.mapsheet", "pk": 261, "fields": {"area": 125000000.0, "perimeter": 45000.0, "topo_2561_field": 262, "topo_25611": 228, "bladnaam": "Dirksland", "nr": 43, "ltr": "A", "district": "W", "blad": "43A", "geom": "SRID=28992;POLYGON ((60000 425000, 70000 425000, 70000 412500, 60000 412500, 60000 425000))"}}, {"model": "bro.mapsheet", "pk": 262, "fields": {"area": 125000000.0, "perimeter": 45000.0, "topo_2561_field": 263, "topo_25611": 229, "bladnaam": "Middelharnis", "nr": 43, "ltr": "B", "district": "W", "blad": "43B", "geom": "SRID=28992;POLYGON ((70000 425000, 80000 425000, 80000 412500, 70000 412500, 70000 425000))"}}, {"model": "bro.mapsheet", "pk": 263, "fields": {"area": 125000000.0, "perimeter": 45000.0, "topo_2561_field": 264, "topo_25611": 230, "bladnaam": "Numansdorp", "nr": 43, "ltr": "E", "district": "W", "blad": "43E", "geom": "SRID=28992;POLYGON ((80000 425000, 90000 425000, 90000 412500, 80000 412500, 80000 425000))"}}, {"model": "bro.mapsheet", "pk": 264, "fields": {"area": 125000000.0, "perimeter": 45000.0, "topo_2561_field": 265, "topo_25611": 231, "bladnaam": "Strijen", "nr": 43, "ltr": "F", "district": "W", "blad": "43F", "geom": "SRID=28992;POLYGON ((90000 425000, 100000 425000, 100000 412500, 90000 412500, 90000 425000))"}}, {"model": "bro.mapsheet", "pk": 265, "fields": {"area": 125000000.0, "perimeter": 45000.0, "topo_2561_field": 266, "topo_25611": 232, "bladnaam": "Lage Zwaluwe", "nr": 44, "ltr": "A", "district": "Z", "blad": "44A", "geom": "SRID=28992;POLYGON ((100000 425000, 110000 425000, 110000 412500, 100000 412500, 100000 425000))"}}, {"model": "bro.mapsheet", "pk": 266, "fields": {"area": 125000000.0, "perimeter": 45000.0, "topo_2561_field": 267, "topo_25611": 233, "bladnaam": "Biesbosch", "nr": 44, "ltr": "B", "district": "Z", "blad": "44B", "geom": "SRID=28992;POLYGON ((110000 425000, 120000 425000, 120000 412500, 110000 412500, 110000 425000))"}}, {"model": "bro.mapsheet", "pk": 267, "fields": {"area": 125000000.0, "perimeter": 45000.0, "topo_2561_field": 268, "topo_25611": 234, "bladnaam": "Almkerk", "nr": 44, "ltr": "E", "district": "Z", "blad": "44E", "geom": "SRID=28992;POLYGON ((120000 425000, 130000 425000, 130000 412500, 120000 412500, 120000 425000))"}}, {"model": "bro.mapsheet", "pk": 268, "fields": {"area": 125000000.0, "perimeter": 45000.0, "topo_2561_field": 269, "topo_25611": 235, "bladnaam": "Heusden", "nr": 44, "ltr": "F", "district": "Z", "blad": "44F", "geom": "SRID=28992;POLYGON ((130000 425000, 140000 425000, 140000 412500, 130000 412500, 130000 425000))"}}, {"model": "bro.mapsheet", "pk": 269, "fields": {"area": 125000000.0, "perimeter": 45000.0, "topo_2561_field": 270, "topo_25611": 236, "bladnaam": "Hedel", "nr": 45, "ltr": "A", "district": "Z", "blad": "45A", "geom": "SRID=28992;POLYGON ((140000 425000, 150000 425000, 150000 412500, 140000 412500, 140000 425000))"}}, {"model": "bro.mapsheet", "pk": 270, "fields": {"area": 125000000.0, "perimeter": 45000.0, "topo_2561_field": 271, "topo_25611": 237, "bladnaam": "Kerkdriel", "nr": 45, "ltr": "B", "district": "Z", "blad": "45B", "geom": "SRID=28992;POLYGON ((150000 425000, 160000 425000, 160000 412500, 150000 412500, 150000 425000))"}}, {"model": "bro.mapsheet", "pk": 271, "fields": {"area": 125000000.0, "perimeter": 45000.0, "topo_2561_field": 272, "topo_25611": 238, "bladnaam": "Oss", "nr": 45, "ltr": "E", "district": "Z", "blad": "45E", "geom": "SRID=28992;POLYGON ((160000 425000, 170000 425000, 170000 412500, 160000 412500, 160000 425000))"}}, {"model": "bro.mapsheet", "pk": 272, "fields": {"area": 125000000.0, "perimeter": 45000.0, "topo_2561_field": 273, "topo_25611": 239, "bladnaam": "Grave", "nr": 45, "ltr": "F", "district": "Z", "blad": "45F", "geom": "SRID=28992;POLYGON ((170000 425000, 180000 425000, 180000 412500, 170000 412500, 170000 425000))"}}, {"model": "bro.mapsheet", "pk": 273, "fields": {"area": 125000000.0, "perimeter": 45000.0, "topo_2561_field": 274, "topo_25611": 240, "bladnaam": "Mook", "nr": 46, "ltr": "A", "district": "Z", "blad": "46A", "geom": "SRID=28992;POLYGON ((180000 425000, 190000 425000, 190000 412500, 180000 412500, 180000 425000))"}}, {"model": "bro.mapsheet", "pk": 274, "fields": {"area": 137500000.0, "perimeter": 47000.0, "topo_2561_field": 275, "topo_25611": 345, "bladnaam": "Groesbeek", "nr": 46, "ltr": "B", "district": "Z", "blad": "46B", "geom": "SRID=28992;POLYGON ((190000 425000, 200000 425000, 201000 425000, 201000 412500, 200000 412500, 190000 412500, 190000 425000))"}}, {"model": "bro.mapsheet", "pk": 275, "fields": {"area": 125000000.0, "perimeter": 45000.0, "topo_2561_field": 276, "topo_25611": 444, "bladnaam": "Huis ten Duin", "nr": 42, "ltr": "C", "district": "Z", "blad": "42C", "geom": "SRID=28992;POLYGON ((20000 400000, 20000 412500, 30000 412500, 30000 400000, 20000 400000))"}}, {"model": "bro.mapsheet", "pk": 276, "fields": {"area": 125000000.0, "perimeter": 45000.0, "topo_2561_field": 277, "topo_25611": 334, "bladnaam": "Westenschouwen", "nr": 42, "ltr": "D", "district": "Z", "blad": "42D", "geom": "SRID=28992;POLYGON ((30000 412500, 40000 412500, 40000 400000, 30000 400000, 30000 412500))"}}, {"model": "bro.mapsheet", "pk": 277, "fields": {"area": 125000000.0, "perimeter": 45000.0, "topo_2561_field": 278, "topo_25611": 243, "bladnaam": "Colijnsplaat", "nr": 42, "ltr": "G", "district": "Z", "blad": "42G", "geom": "SRID=28992;POLYGON ((40000 412500, 50000 412500, 50000 400000, 40000 400000, 40000 412500))"}}, {"model": "bro.mapsheet", "pk": 278, "fields": {"area": 125000000.0, "perimeter": 45000.0, "topo_2561_field": 279, "topo_25611": 244, "bladnaam": "Zierikzee", "nr": 42, "ltr": "H", "district": "Z", "blad": "42H", "geom": "SRID=28992;POLYGON ((50000 412500, 60000 412500, 60000 400000, 50000 400000, 50000 412500))"}}, {"model": "bro.mapsheet", "pk": 279, "fields": {"area": 125000000.0, "perimeter": 45000.0, "topo_2561_field": 280, "topo_25611": 245, "bladnaam": "Bruinisse", "nr": 43, "ltr": "C", "district": "Z", "blad": "43C", "geom": "SRID=28992;POLYGON ((60000 412500, 70000 412500, 70000 400000, 60000 400000, 60000 412500))"}}, {"model": "bro.mapsheet", "pk": 280, "fields": {"area": 125000000.0, "perimeter": 45000.0, "topo_2561_field": 281, "topo_25611": 246, "bladnaam": "Oude-Tonge", "nr": 43, "ltr": "D", "district": "Z", "blad": "43D", "geom": "SRID=28992;POLYGON ((70000 412500, 80000 412500, 80000 400000, 70000 400000, 70000 412500))"}}, {"model": "bro.mapsheet", "pk": 281, "fields": {"area": 125000000.0, "perimeter": 45000.0, "topo_2561_field": 282, "topo_25611": 247, "bladnaam": "Willemstad", "nr": 43, "ltr": "G", "district": "Z", "blad": "43G", "geom": "SRID=28992;POLYGON ((80000 412500, 90000 412500, 90000 400000, 80000 400000, 80000 412500))"}}, {"model": "bro.mapsheet", "pk": 282, "fields": {"area": 125000000.0, "perimeter": 45000.0, "topo_2561_field": 283, "topo_25611": 248, "bladnaam": "Klundert", "nr": 43, "ltr": "H", "district": "Z", "blad": "43H", "geom": "SRID=28992;POLYGON ((90000 412500, 100000 412500, 100000 400000, 90000 400000, 90000 412500))"}}, {"model": "bro.mapsheet", "pk": 283, "fields": {"area": 125000000.0, "perimeter": 45000.0, "topo_2561_field": 284, "topo_25611": 249, "bladnaam": "Zevenbergen", "nr": 44, "ltr": "C", "district": "Z", "blad": "44C", "geom": "SRID=28992;POLYGON ((100000 412500, 110000 412500, 110000 400000, 100000 400000, 100000 412500))"}}, {"model": "bro.mapsheet", "pk": 284, "fields": {"area": 125000000.0, "perimeter": 45000.0, "topo_2561_field": 285, "topo_25611": 250, "bladnaam": "Oosterhout", "nr": 44, "ltr": "D", "district": "Z", "blad": "44D", "geom": "SRID=28992;POLYGON ((110000 412500, 120000 412500, 120000 400000, 110000 400000, 110000 412500))"}}, {"model": "bro.mapsheet", "pk": 285, "fields": {"area": 125000000.0, "perimeter": 45000.0, "topo_2561_field": 286, "topo_25611": 251, "bladnaam": "'s Gravenmoer", "nr": 44, "ltr": "G", "district": "Z", "blad": "44G", "geom": "SRID=28992;POLYGON ((120000 412500, 130000 412500, 130000 400000, 120000 400000, 120000 412500))"}}, {"model": "bro.mapsheet", "pk": 286, "fields": {"area": 125000000.0, "perimeter": 45000.0, "topo_2561_field": 287, "topo_25611": 252, "bladnaam": "Loon op Zand", "nr": 44, "ltr": "H", "district": "Z", "blad": "44H", "geom": "SRID=28992;POLYGON ((130000 412500, 140000 412500, 140000 400000, 130000 400000, 130000 412500))"}}, {"model": "bro.mapsheet", "pk": 287, "fields": {"area": 125000000.0, "perimeter": 45000.0, "topo_2561_field": 288, "topo_25611": 253, "bladnaam": "`s-Hertogenbosch", "nr": 45, "ltr": "C", "district": "Z", "blad": "45C", "geom": "SRID=28992;POLYGON ((140000 412500, 150000 412500, 150000 400000, 140000 400000, 140000 412500))"}}, {"model": "bro.mapsheet", "pk": 288, "fields": {"area": 125000000.0, "perimeter": 45000.0, "topo_2561_field": 289, "topo_25611": 254, "bladnaam": "Schijndel", "nr": 45, "ltr": "D", "district": "Z", "blad": "45D", "geom": "SRID=28992;POLYGON ((150000 412500, 160000 412500, 160000 400000, 150000 400000, 150000 412500))"}}, {"model": "bro.mapsheet", "pk": 289, "fields": {"area": 125000000.0, "perimeter": 45000.0, "topo_2561_field": 290, "topo_25611": 255, "bladnaam": "Veghel", "nr": 45, "ltr": "G", "district": "Z", "blad": "45G", "geom": "SRID=28992;POLYGON ((160000 412500, 170000 412500, 170000 400000, 160000 400000, 160000 412500))"}}, {"model": "bro.mapsheet", "pk": 290, "fields": {"area": 125000000.0, "perimeter": 45000.0, "topo_2561_field": 291, "topo_25611": 256, "bladnaam": "Uden", "nr": 45, "ltr": "H", "district": "Z", "blad": "45H", "geom": "SRID=28992;POLYGON ((170000 412500, 180000 412500, 180000 400000, 170000 400000, 170000 412500))"}}, {"model": "bro.mapsheet", "pk": 291, "fields": {"area": 125000000.0, "perimeter": 45000.0, "topo_2561_field": 292, "topo_25611": 257, "bladnaam": "Mill", "nr": 46, "ltr": "C", "district": "Z", "blad": "46C", "geom": "SRID=28992;POLYGON ((180000 412500, 190000 412500, 190000 400000, 180000 400000, 180000 412500))"}}, {"model": "bro.mapsheet", "pk": 292, "fields": {"area": 125000000.0, "perimeter": 45000.0, "topo_2561_field": 293, "topo_25611": 346, "bladnaam": "Boxmeer", "nr": 46, "ltr": "D", "district": "Z", "blad": "46D", "geom": "SRID=28992;POLYGON ((190000 412500, 200000 412500, 200000 400000, 190000 400000, 190000 412500))"}}, {"model": "bro.mapsheet", "pk": 293, "fields": {"area": 125000000.0, "perimeter": 45000.0, "topo_2561_field": 294, "topo_25611": 426, "bladnaam": "Siebengewald", "nr": 46, "ltr": "G", "district": "Z", "blad": "46G", "geom": "SRID=28992;POLYGON ((200000 412500, 201000 412500, 207000 412500, 210000 412500, 210000 400000, 200000 400000, 200000 412500))"}}, {"model": "bro.mapsheet", "pk": 294, "fields": {"area": 137500000.0, "perimeter": 47000.0, "topo_2561_field": 295, "topo_25611": 335, "bladnaam": "Domburg", "nr": 48, "ltr": "A", "district": "Z", "blad": "48A", "geom": "SRID=28992;POLYGON ((30000 400000, 30000 387500, 20000 387500, 19000 387500, 19000 400000, 20000 400000, 30000 400000))"}}, {"model": "bro.mapsheet", "pk": 295, "fields": {"area": 125000000.0, "perimeter": 45000.0, "topo_2561_field": 296, "topo_25611": 260, "bladnaam": "Middelburg", "nr": 48, "ltr": "B", "district": "Z", "blad": "48B", "geom": "SRID=28992;POLYGON ((30000 400000, 40000 400000, 40000 387500, 30000 387500, 30000 400000))"}}, {"model": "bro.mapsheet", "pk": 296, "fields": {"area": 125000000.0, "perimeter": 45000.0, "topo_2561_field": 297, "topo_25611": 261, "bladnaam": "Oostkerke", "nr": 48, "ltr": "E", "district": "Z", "blad": "48E", "geom": "SRID=28992;POLYGON ((40000 400000, 50000 400000, 50000 387500, 40000 387500, 40000 400000))"}}, {"model": "bro.mapsheet", "pk": 297, "fields": {"area": 125000000.0, "perimeter": 45000.0, "topo_2561_field": 298, "topo_25611": 262, "bladnaam": "Goes", "nr": 48, "ltr": "F", "district": "Z", "blad": "48F", "geom": "SRID=28992;POLYGON ((50000 400000, 60000 400000, 60000 387500, 50000 387500, 50000 400000))"}}, {"model": "bro.mapsheet", "pk": 298, "fields": {"area": 125000000.0, "perimeter": 45000.0, "topo_2561_field": 299, "topo_25611": 263, "bladnaam": "Sint Maartensdijk", "nr": 49, "ltr": "A", "district": "Z", "blad": "49A", "geom": "SRID=28992;POLYGON ((60000 400000, 70000 400000, 70000 387500, 60000 387500, 60000 400000))"}}, {"model": "bro.mapsheet", "pk": 299, "fields": {"area": 125000000.0, "perimeter": 45000.0, "topo_2561_field": 300, "topo_25611": 2, "bladnaam": "Bergen op Zoom", "nr": 49, "ltr": "B", "district": "Z", "blad": "49B", "geom": "SRID=28992;POLYGON ((70000 400000, 80000 400000, 80000 387500, 70000 387500, 70000 400000))"}}, {"model": "bro.mapsheet", "pk": 300, "fields": {"area": 125000000.0, "perimeter": 45000.0, "topo_2561_field": 301, "topo_25611": 265, "bladnaam": "Wouw", "nr": 49, "ltr": "E", "district": "Z", "blad": "49E", "geom": "SRID=28992;POLYGON ((80000 400000, 90000 400000, 90000 387500, 80000 387500, 80000 400000))"}}, {"model": "bro.mapsheet", "pk": 301, "fields": {"area": 125000000.0, "perimeter": 45000.0, "topo_2561_field": 302, "topo_25611": 342, "bladnaam": "Roosendaal", "nr": 49, "ltr": "F", "district": "Z", "blad": "49F", "geom": "SRID=28992;POLYGON ((90000 400000, 100000 400000, 100000 387500, 90000 387500, 90000 400000))"}}, {"model": "bro.mapsheet", "pk": 302, "fields": {"area": 125000000.0, "perimeter": 45000.0, "topo_2561_field": 303, "topo_25611": 343, "bladnaam": "Rijsbergen", "nr": 50, "ltr": "A", "district": "Z", "blad": "50A", "geom": "SRID=28992;POLYGON ((100000 400000, 110000 400000, 110000 387500, 100000 387500, 100000 400000))"}}, {"model": "bro.mapsheet", "pk": 303, "fields": {"area": 125000000.0, "perimeter": 45000.0, "topo_2561_field": 304, "topo_25611": 344, "bladnaam": "Ginneken", "nr": 50, "ltr": "B", "district": "Z", "blad": "50B", "geom": "SRID=28992;POLYGON ((110000 400000, 120000 400000, 120000 387500, 110000 387500, 110000 400000))"}}, {"model": "bro.mapsheet", "pk": 304, "fields": {"area": 125000000.0, "perimeter": 45000.0, "topo_2561_field": 305, "topo_25611": 269, "bladnaam": "Gilze", "nr": 50, "ltr": "E", "district": "Z", "blad": "50E", "geom": "SRID=28992;POLYGON ((120000 400000, 130000 400000, 130000 387500, 120000 387500, 120000 400000))"}}, {"model": "bro.mapsheet", "pk": 305, "fields": {"area": 125000000.0, "perimeter": 45000.0, "topo_2561_field": 306, "topo_25611": 270, "bladnaam": "Tilburg", "nr": 50, "ltr": "F", "district": "Z", "blad": "50F", "geom": "SRID=28992;POLYGON ((130000 400000, 140000 400000, 140000 387500, 130000 387500, 130000 400000))"}}, {"model": "bro.mapsheet", "pk": 306, "fields": {"area": 125000000.0, "perimeter": 45000.0, "topo_2561_field": 307, "topo_25611": 271, "bladnaam": "Oirschot", "nr": 51, "ltr": "A", "district": "Z", "blad": "51A", "geom": "SRID=28992;POLYGON ((140000 400000, 150000 400000, 150000 387500, 140000 387500, 140000 400000))"}}, {"model": "bro.mapsheet", "pk": 307, "fields": {"area": 125000000.0, "perimeter": 45000.0, "topo_2561_field": 308, "topo_25611": 272, "bladnaam": "Best", "nr": 51, "ltr": "B", "district": "Z", "blad": "51B", "geom": "SRID=28992;POLYGON ((150000 400000, 160000 400000, 160000 387500, 150000 387500, 150000 400000))"}}, {"model": "bro.mapsheet", "pk": 308, "fields": {"area": 125000000.0, "perimeter": 45000.0, "topo_2561_field": 309, "topo_25611": 273, "bladnaam": "Sint Oedenrode", "nr": 51, "ltr": "E", "district": "Z", "blad": "51E", "geom": "SRID=28992;POLYGON ((160000 400000, 170000 400000, 170000 387500, 160000 387500, 160000 400000))"}}, {"model": "bro.mapsheet", "pk": 309, "fields": {"area": 125000000.0, "perimeter": 45000.0, "topo_2561_field": 310, "topo_25611": 274, "bladnaam": "Helmond", "nr": 51, "ltr": "F", "district": "Z", "blad": "51F", "geom": "SRID=28992;POLYGON ((170000 400000, 180000 400000, 180000 387500, 170000 387500, 170000 400000))"}}, {"model": "bro.mapsheet", "pk": 310, "fields": {"area": 125000000.0, "perimeter": 45000.0, "topo_2561_field": 311, "topo_25611": 275, "bladnaam": "Milheeze", "nr": 52, "ltr": "A", "district": "Z", "blad": "52A", "geom": "SRID=28992;POLYGON ((180000 400000, 190000 400000, 190000 387500, 180000 387500, 180000 400000))"}}, {"model": "bro.mapsheet", "pk": 311, "fields": {"area": 125000000.0, "perimeter": 45000.0, "topo_2561_field": 312, "topo_25611": 276, "bladnaam": "Venraij", "nr": 52, "ltr": "B", "district": "Z", "blad": "52B", "geom": "SRID=28992;POLYGON ((190000 400000, 200000 400000, 200000 387500, 190000 387500, 190000 400000))"}}, {"model": "bro.mapsheet", "pk": 312, "fields": {"area": 125000000.0, "perimeter": 45000.0, "topo_2561_field": 313, "topo_25611": 347, "bladnaam": "Meerlo", "nr": 52, "ltr": "E", "district": "Z", "blad": "52E", "geom": "SRID=28992;POLYGON ((200000 400000, 210000 400000, 210000 387500, 200000 387500, 200000 400000))"}}, {"model": "bro.mapsheet", "pk": 313, "fields": {"area": 125000000.0, "perimeter": 45000.0, "topo_2561_field": 314, "topo_25611": 427, "bladnaam": "Arcen", "nr": 52, "ltr": "F", "district": "Z", "blad": "52F", "geom": "SRID=28992;POLYGON ((210000 400000, 220000 400000, 220000 387500, 210000 387500, 210000 400000))"}}, {"model": "bro.mapsheet", "pk": 314, "fields": {"area": 125000000.0, "perimeter": 45000.0, "topo_2561_field": 315, "topo_25611": 445, "bladnaam": "Cadzand", "nr": 47, "ltr": "H", "district": "Z", "blad": "47H", "geom": "SRID=28992;POLYGON ((19000 387500, 20000 387500, 20000 375000, 10000 375000, 10000 387500, 19000 387500))"}}, {"model": "bro.mapsheet", "pk": 315, "fields": {"area": 125000000.0, "perimeter": 45000.0, "topo_2561_field": 316, "topo_25611": 336, "bladnaam": "Vlissingen", "nr": 48, "ltr": "C", "district": "Z", "blad": "48C", "geom": "SRID=28992;POLYGON ((20000 387500, 30000 387500, 30000 375000, 20000 375000, 20000 387500))"}}, {"model": "bro.mapsheet", "pk": 316, "fields": {"area": 125000000.0, "perimeter": 45000.0, "topo_2561_field": 317, "topo_25611": 278, "bladnaam": "Oost-Souburg", "nr": 48, "ltr": "D", "district": "Z", "blad": "48D", "geom": "SRID=28992;POLYGON ((30000 387500, 40000 387500, 40000 375000, 30000 375000, 30000 387500))"}}, {"model": "bro.mapsheet", "pk": 317, "fields": {"area": 125000000.0, "perimeter": 45000.0, "topo_2561_field": 318, "topo_25611": 279, "bladnaam": "Ellewoutsdijk", "nr": 48, "ltr": "G", "district": "Z", "blad": "48G", "geom": "SRID=28992;POLYGON ((40000 387500, 50000 387500, 50000 375000, 40000 375000, 40000 387500))"}}, {"model": "bro.mapsheet", "pk": 318, "fields": {"area": 125000000.0, "perimeter": 45000.0, "topo_2561_field": 319, "topo_25611": 280, "bladnaam": "Hansweert", "nr": 48, "ltr": "H", "district": "Z", "blad": "48H", "geom": "SRID=28992;POLYGON ((50000 387500, 60000 387500, 60000 375000, 50000 375000, 50000 387500))"}}, {"model": "bro.mapsheet", "pk": 319, "fields": {"area": 125000000.0, "perimeter": 45000.0, "topo_2561_field": 320, "topo_25611": 281, "bladnaam": "Krabbendijke", "nr": 49, "ltr": "C", "district": "Z", "blad": "49C", "geom": "SRID=28992;POLYGON ((60000 387500, 70000 387500, 70000 375000, 60000 375000, 60000 387500))"}}, {"model": "bro.mapsheet", "pk": 320, "fields": {"area": 125000000.0, "perimeter": 45000.0, "topo_2561_field": 321, "topo_25611": 282, "bladnaam": "Rilland", "nr": 49, "ltr": "D", "district": "Z", "blad": "49D", "geom": "SRID=28992;POLYGON ((70000 387500, 80000 387500, 80000 375000, 70000 375000, 70000 387500))"}}, {"model": "bro.mapsheet", "pk": 321, "fields": {"area": 135000000.0, "perimeter": 47000.0, "topo_2561_field": 322, "topo_25611": 341, "bladnaam": "Huijbergen", "nr": 49, "ltr": "G", "district": "Z", "blad": "49G", "geom": "SRID=28992;POLYGON ((80000 387500, 90000 387500, 90000 375000, 90000 374000, 80000 374000, 80000 375000, 80000 387500))"}}, {"model": "bro.mapsheet", "pk": 322, "fields": {"area": 125000000.0, "perimeter": 45000.0, "topo_2561_field": 323, "topo_25611": 430, "bladnaam": "Achtmaal", "nr": 49, "ltr": "H", "district": "Z", "blad": "49H", "geom": "SRID=28992;POLYGON ((90000 387500, 100000 387500, 100000 375000, 90000 375000, 90000 387500))"}}, {"model": "bro.mapsheet", "pk": 323, "fields": {"area": 125000000.0, "perimeter": 45000.0, "topo_2561_field": 324, "topo_25611": 431, "bladnaam": "Zundert", "nr": 50, "ltr": "C", "district": "Z", "blad": "50C", "geom": "SRID=28992;POLYGON ((100000 387500, 110000 387500, 110000 375000, 100000 375000, 100000 387500))"}}, {"model": "bro.mapsheet", "pk": 324, "fields": {"area": 125000000.0, "perimeter": 45000.0, "topo_2561_field": 325, "topo_25611": 432, "bladnaam": "Ulicoten", "nr": 50, "ltr": "D", "district": "Z", "blad": "50D", "geom": "SRID=28992;POLYGON ((110000 387500, 120000 387500, 120000 375000, 110000 375000, 110000 387500))"}}, {"model": "bro.mapsheet", "pk": 325, "fields": {"area": 125000000.0, "perimeter": 45000.0, "topo_2561_field": 326, "topo_25611": 287, "bladnaam": "Baarle-Nassau", "nr": 50, "ltr": "G", "district": "Z", "blad": "50G", "geom": "SRID=28992;POLYGON ((120000 387500, 130000 387500, 130000 375000, 120000 375000, 120000 387500))"}}, {"model": "bro.mapsheet", "pk": 326, "fields": {"area": 125000000.0, "perimeter": 45000.0, "topo_2561_field": 327, "topo_25611": 288, "bladnaam": "Lage Miierde", "nr": 50, "ltr": "H", "district": "Z", "blad": "50H", "geom": "SRID=28992;POLYGON ((130000 387500, 140000 387500, 140000 375000, 130000 375000, 130000 387500))"}}, {"model": "bro.mapsheet", "pk": 327, "fields": {"area": 125000000.0, "perimeter": 45000.0, "topo_2561_field": 328, "topo_25611": 289, "bladnaam": "Hoogeloon", "nr": 51, "ltr": "C", "district": "Z", "blad": "51C", "geom": "SRID=28992;POLYGON ((140000 387500, 150000 387500, 150000 375000, 140000 375000, 140000 387500))"}}, {"model": "bro.mapsheet", "pk": 328, "fields": {"area": 125000000.0, "perimeter": 45000.0, "topo_2561_field": 329, "topo_25611": 290, "bladnaam": "Veldhoven", "nr": 51, "ltr": "D", "district": "Z", "blad": "51D", "geom": "SRID=28992;POLYGON ((150000 387500, 160000 387500, 160000 375000, 150000 375000, 150000 387500))"}}, {"model": "bro.mapsheet", "pk": 329, "fields": {"area": 125000000.0, "perimeter": 45000.0, "topo_2561_field": 330, "topo_25611": 291, "bladnaam": "Eindhoven", "nr": 51, "ltr": "G", "district": "Z", "blad": "51G", "geom": "SRID=28992;POLYGON ((160000 387500, 170000 387500, 170000 375000, 160000 375000, 160000 387500))"}}, {"model": "bro.mapsheet", "pk": 330, "fields": {"area": 125000000.0, "perimeter": 45000.0, "topo_2561_field": 331, "topo_25611": 292, "bladnaam": "Mierlo", "nr": 51, "ltr": "H", "district": "Z", "blad": "51H", "geom": "SRID=28992;POLYGON ((170000 387500, 180000 387500, 180000 375000, 170000 375000, 170000 387500))"}}, {"model": "bro.mapsheet", "pk": 331, "fields": {"area": 125000000.0, "perimeter": 45000.0, "topo_2561_field": 332, "topo_25611": 293, "bladnaam": "Deurne", "nr": 52, "ltr": "C", "district": "Z", "blad": "52C", "geom": "SRID=28992;POLYGON ((180000 387500, 190000 387500, 190000 375000, 180000 375000, 180000 387500))"}}, {"model": "bro.mapsheet", "pk": 332, "fields": {"area": 125000000.0, "perimeter": 45000.0, "topo_2561_field": 333, "topo_25611": 294, "bladnaam": "Helenaveen", "nr": 52, "ltr": "D", "district": "Z", "blad": "52D", "geom": "SRID=28992;POLYGON ((190000 387500, 200000 387500, 200000 375000, 190000 375000, 190000 387500))"}}, {"model": "bro.mapsheet", "pk": 333, "fields": {"area": 125000000.0, "perimeter": 45000.0, "topo_2561_field": 334, "topo_25611": 348, "bladnaam": "Venlo", "nr": 52, "ltr": "G", "district": "Z", "blad": "52G", "geom": "SRID=28992;POLYGON ((200000 387500, 210000 387500, 210000 375000, 200000 375000, 200000 387500))"}}, {"model": "bro.mapsheet", "pk": 334, "fields": {"area": 125000000.0, "perimeter": 45000.0, "topo_2561_field": 335, "topo_25611": 428, "bladnaam": "Schandelo", "nr": 52, "ltr": "H", "district": "Z", "blad": "52H", "geom": "SRID=28992;POLYGON ((210000 387500, 220000 387500, 220000 375000, 210000 375000, 210000 387500))"}}, {"model": "bro.mapsheet", "pk": 335, "fields": {"area": 125000000.0, "perimeter": 45000.0, "topo_2561_field": 336, "topo_25611": 337, "bladnaam": "Oostburg", "nr": 54, "ltr": "A", "district": "Z", "blad": "54A", "geom": "SRID=28992;POLYGON ((20000 375000, 30000 375000, 30000 362500, 20000 362500, 20000 375000))"}}, {"model": "bro.mapsheet", "pk": 336, "fields": {"area": 125000000.0, "perimeter": 45000.0, "topo_2561_field": 337, "topo_25611": 297, "bladnaam": "IJzendijke", "nr": 54, "ltr": "B", "district": "Z", "blad": "54B", "geom": "SRID=28992;POLYGON ((30000 375000, 40000 375000, 40000 362500, 30000 362500, 30000 375000))"}}, {"model": "bro.mapsheet", "pk": 337, "fields": {"area": 125000000.0, "perimeter": 45000.0, "topo_2561_field": 338, "topo_25611": 338, "bladnaam": "Terneuzen", "nr": 54, "ltr": "E", "district": "Z", "blad": "54E", "geom": "SRID=28992;POLYGON ((40000 375000, 50000 375000, 50000 362500, 40000 362500, 40000 375000))"}}, {"model": "bro.mapsheet", "pk": 338, "fields": {"area": 125000000.0, "perimeter": 45000.0, "topo_2561_field": 339, "topo_25611": 339, "bladnaam": "Axel", "nr": 54, "ltr": "F", "district": "Z", "blad": "54F", "geom": "SRID=28992;POLYGON ((50000 375000, 60000 375000, 60000 362500, 50000 362500, 50000 375000))"}}, {"model": "bro.mapsheet", "pk": 339, "fields": {"area": 130000000.0, "perimeter": 46000.0, "topo_2561_field": 340, "topo_25611": 340, "bladnaam": "Hulst", "nr": 55, "ltr": "A", "district": "Z", "blad": "55A", "geom": "SRID=28992;POLYGON ((60000 375000, 70000 375000, 70000 362500, 70000 362000, 60000 362000, 60000 362500, 60000 375000))"}}, {"model": "bro.mapsheet", "pk": 340, "fields": {"area": 125000000.0, "perimeter": 45000.0, "topo_2561_field": 341, "topo_25611": 447, "bladnaam": "Prosperpolder", "nr": 55, "ltr": "B", "district": "Z", "blad": "55B", "geom": "SRID=28992;POLYGON ((70000 375000, 80000 375000, 80000 374000, 80000 362500, 70000 362500, 70000 375000))"}}, {"model": "bro.mapsheet", "pk": 341, "fields": {"area": 125000000.0, "perimeter": 45000.0, "topo_2561_field": 342, "topo_25611": 433, "bladnaam": "Reusel", "nr": 56, "ltr": "F", "district": "Z", "blad": "56F", "geom": "SRID=28992;POLYGON ((130000 375000, 140000 375000, 140000 362500, 130000 362500, 130000 375000))"}}, {"model": "bro.mapsheet", "pk": 342, "fields": {"area": 125000000.0, "perimeter": 45000.0, "topo_2561_field": 343, "topo_25611": 368, "bladnaam": "Weebosch", "nr": 57, "ltr": "A", "district": "Z", "blad": "57A", "geom": "SRID=28992;POLYGON ((140000 375000, 150000 375000, 150000 362500, 140000 362500, 140000 375000))"}}, {"model": "bro.mapsheet", "pk": 343, "fields": {"area": 125000000.0, "perimeter": 45000.0, "topo_2561_field": 344, "topo_25611": 302, "bladnaam": "Westerhoven", "nr": 57, "ltr": "B", "district": "Z", "blad": "57B", "geom": "SRID=28992;POLYGON ((150000 375000, 160000 375000, 160000 362500, 150000 362500, 150000 375000))"}}, {"model": "bro.mapsheet", "pk": 344, "fields": {"area": 125000000.0, "perimeter": 45000.0, "topo_2561_field": 345, "topo_25611": 303, "bladnaam": "Valkenswaard", "nr": 57, "ltr": "E", "district": "Z", "blad": "57E", "geom": "SRID=28992;POLYGON ((160000 375000, 170000 375000, 170000 362500, 160000 362500, 160000 375000))"}}, {"model": "bro.mapsheet", "pk": 345, "fields": {"area": 125000000.0, "perimeter": 45000.0, "topo_2561_field": 346, "topo_25611": 304, "bladnaam": "Weert", "nr": 57, "ltr": "F", "district": "Z", "blad": "57F", "geom": "SRID=28992;POLYGON ((170000 375000, 180000 375000, 180000 362500, 170000 362500, 170000 375000))"}}, {"model": "bro.mapsheet", "pk": 346, "fields": {"area": 125000000.0, "perimeter": 45000.0, "topo_2561_field": 347, "topo_25611": 305, "bladnaam": "Nederweert", "nr": 58, "ltr": "A", "district": "Z", "blad": "58A", "geom": "SRID=28992;POLYGON ((180000 375000, 190000 375000, 190000 362500, 180000 362500, 180000 375000))"}}, {"model": "bro.mapsheet", "pk": 347, "fields": {"area": 125000000.0, "perimeter": 45000.0, "topo_2561_field": 348, "topo_25611": 306, "bladnaam": "Panningen", "nr": 58, "ltr": "B", "district": "Z", "blad": "58B", "geom": "SRID=28992;POLYGON ((190000 375000, 200000 375000, 200000 362500, 190000 362500, 190000 375000))"}}, {"model": "bro.mapsheet", "pk": 348, "fields": {"area": 125000000.0, "perimeter": 45000.0, "topo_2561_field": 349, "topo_25611": 349, "bladnaam": "Tegelen", "nr": 58, "ltr": "E", "district": "Z", "blad": "58E", "geom": "SRID=28992;POLYGON ((200000 375000, 210000 375000, 210000 362500, 200000 362500, 200000 375000))"}}, {"model": "bro.mapsheet", "pk": 349, "fields": {"area": 125000000.0, "perimeter": 45000.0, "topo_2561_field": 350, "topo_25611": 429, "bladnaam": "Gasthuishof", "nr": 58, "ltr": "F", "district": "Z", "blad": "58F", "geom": "SRID=28992;POLYGON ((210000 375000, 220000 375000, 220000 362500, 211000 362500, 210000 362500, 210000 375000))"}}, {"model": "bro.mapsheet", "pk": 350, "fields": {"area": 125000000.0, "perimeter": 45000.0, "topo_2561_field": 351, "topo_25611": 448, "bladnaam": "Sas van Gent", "nr": 54, "ltr": "G", "district": "Z", "blad": "54G", "geom": "SRID=28992;POLYGON ((40000 362500, 50000 362500, 50000 350000, 40000 350000, 40000 362500))"}}, {"model": "bro.mapsheet", "pk": 351, "fields": {"area": 125000000.0, "perimeter": 45000.0, "topo_2561_field": 352, "topo_25611": 449, "bladnaam": "Koewacht", "nr": 54, "ltr": "H", "district": "Z", "blad": "54H", "geom": "SRID=28992;POLYGON ((50000 362500, 60000 362500, 60000 362000, 60000 350000, 50000 350000, 50000 362500))"}}, {"model": "bro.mapsheet", "pk": 352, "fields": {"area": 125000000.0, "perimeter": 45000.0, "topo_2561_field": 353, "topo_25611": 434, "bladnaam": "Groot-Schoot", "nr": 57, "ltr": "G", "district": "Z", "blad": "57G", "geom": "SRID=28992;POLYGON ((160000 362500, 170000 362500, 170000 350000, 160000 350000, 160000 362500))"}}, {"model": "bro.mapsheet", "pk": 353, "fields": {"area": 125000000.0, "perimeter": 45000.0, "topo_2561_field": 354, "topo_25611": 369, "bladnaam": "Stramproy", "nr": 57, "ltr": "H", "district": "Z", "blad": "57H", "geom": "SRID=28992;POLYGON ((170000 362500, 180000 362500, 180000 350000, 170000 350000, 170000 362500))"}}, {"model": "bro.mapsheet", "pk": 354, "fields": {"area": 125000000.0, "perimeter": 45000.0, "topo_2561_field": 355, "topo_25611": 309, "bladnaam": "Thorn", "nr": 58, "ltr": "C", "district": "Z", "blad": "58C", "geom": "SRID=28992;POLYGON ((180000 362500, 190000 362500, 190000 350000, 180000 350000, 180000 362500))"}}, {"model": "bro.mapsheet", "pk": 355, "fields": {"area": 125000000.0, "perimeter": 45000.0, "topo_2561_field": 356, "topo_25611": 310, "bladnaam": "Reormond", "nr": 58, "ltr": "D", "district": "Z", "blad": "58D", "geom": "SRID=28992;POLYGON ((190000 362500, 200000 362500, 200000 350000, 190000 350000, 190000 362500))"}}, {"model": "bro.mapsheet", "pk": 356, "fields": {"area": 137500000.0, "perimeter": 47000.0, "topo_2561_field": 357, "topo_25611": 366, "bladnaam": "Swalmen", "nr": 58, "ltr": "G", "district": "Z", "blad": "58G", "geom": "SRID=28992;POLYGON ((200000 362500, 210000 362500, 211000 362500, 211000 350000, 210000 350000, 200000 350000, 200000 362500))"}}, {"model": "bro.mapsheet", "pk": 357, "fields": {"area": 125000000.0, "perimeter": 45000.0, "topo_2561_field": 358, "topo_25611": 312, "bladnaam": "Echt", "nr": 60, "ltr": "A", "district": "Z", "blad": "60A", "geom": "SRID=28992;POLYGON ((180000 350000, 190000 350000, 190000 337500, 180000 337500, 180000 350000))"}}, {"model": "bro.mapsheet", "pk": 358, "fields": {"area": 125000000.0, "perimeter": 45000.0, "topo_2561_field": 359, "topo_25611": 350, "bladnaam": "Montfort", "nr": 60, "ltr": "B", "district": "Z", "blad": "60B", "geom": "SRID=28992;POLYGON ((190000 350000, 200000 350000, 200000 337500, 190000 337500, 190000 350000))"}}, {"model": "bro.mapsheet", "pk": 359, "fields": {"area": 125000000.0, "perimeter": 45000.0, "topo_2561_field": 360, "topo_25611": 435, "bladnaam": "Vlodorp", "nr": 60, "ltr": "E", "district": "Z", "blad": "60E", "geom": "SRID=28992;POLYGON ((200000 350000, 210000 350000, 210000 337500, 200000 337500, 200000 350000))"}}, {"model": "bro.mapsheet", "pk": 360, "fields": {"area": 125000000.0, "perimeter": 45000.0, "topo_2561_field": 361, "topo_25611": 436, "bladnaam": "Geulle", "nr": 59, "ltr": "H", "district": "Z", "blad": "59H", "geom": "SRID=28992;POLYGON ((170000 325000, 170000 337500, 180000 337500, 180000 325000, 170000 325000))"}}, {"model": "bro.mapsheet", "pk": 361, "fields": {"area": 125000000.0, "perimeter": 45000.0, "topo_2561_field": 362, "topo_25611": 370, "bladnaam": "Sittard", "nr": 60, "ltr": "C", "district": "Z", "blad": "60C", "geom": "SRID=28992;POLYGON ((180000 337500, 190000 337500, 190000 325000, 180000 325000, 180000 337500))"}}, {"model": "bro.mapsheet", "pk": 362, "fields": {"area": 125000000.0, "perimeter": 45000.0, "topo_2561_field": 363, "topo_25611": 351, "bladnaam": "Hoensbroek", "nr": 60, "ltr": "D", "district": "Z", "blad": "60D", "geom": "SRID=28992;POLYGON ((190000 337500, 200000 337500, 200000 325000, 190000 325000, 190000 337500))"}}, {"model": "bro.mapsheet", "pk": 363, "fields": {"area": 125000000.0, "perimeter": 45000.0, "topo_2561_field": 364, "topo_25611": 437, "bladnaam": "Waubach", "nr": 60, "ltr": "G", "district": "Z", "blad": "60G", "geom": "SRID=28992;POLYGON ((200000 337500, 210000 337500, 210000 325000, 200000 325000, 200000 337500))"}}, {"model": "bro.mapsheet", "pk": 364, "fields": {"area": 125000000.0, "perimeter": 45000.0, "topo_2561_field": 365, "topo_25611": 353, "bladnaam": "Maastricht", "nr": 61, "ltr": "F", "district": "Z", "blad": "61F", "geom": "SRID=28992;POLYGON ((170000 325000, 180000 325000, 180000 312500, 170000 312500, 170000 325000))"}}, {"model": "bro.mapsheet", "pk": 365, "fields": {"area": 125000000.0, "perimeter": 45000.0, "topo_2561_field": 366, "topo_25611": 438, "bladnaam": "Valkenburg", "nr": 62, "ltr": "A", "district": "Z", "blad": "62A", "geom": "SRID=28992;POLYGON ((180000 325000, 190000 325000, 190000 312500, 180000 312500, 180000 325000))"}}, {"model": "bro.mapsheet", "pk": 366, "fields": {"area": 125000000.0, "perimeter": 45000.0, "topo_2561_field": 367, "topo_25611": 352, "bladnaam": "Heerlen", "nr": 62, "ltr": "B", "district": "Z", "blad": "62B", "geom": "SRID=28992;POLYGON ((190000 325000, 200000 325000, 200000 312500, 199000 312500, 190000 312500, 190000 325000))"}}, {"model": "bro.mapsheet", "pk": 367, "fields": {"area": 125000000.0, "perimeter": 45000.0, "topo_2561_field": 368, "topo_25611": 439, "bladnaam": "Kerkrade", "nr": 62, "ltr": "E", "district": "Z", "blad": "62E", "geom": "SRID=28992;POLYGON ((200000 325000, 210000 325000, 210000 312500, 201000 312500, 200000 312500, 200000 325000))"}}, {"model": "bro.mapsheet", "pk": 368, "fields": {"area": 125000000.0, "perimeter": 45000.0, "topo_2561_field": 369, "topo_25611": 440, "bladnaam": "Eijsden", "nr": 61, "ltr": "H", "district": "Z", "blad": "61H", "geom": "SRID=28992;POLYGON ((170000 312500, 180000 312500, 180000 300000, 170000 300000, 170000 312500))"}}, {"model": "bro.mapsheet", "pk": 369, "fields": {"area": 125000000.0, "perimeter": 45000.0, "topo_2561_field": 370, "topo_25611": 441, "bladnaam": "Sint Gertruid", "nr": 62, "ltr": "C", "district": "Z", "blad": "62C", "geom": "SRID=28992;POLYGON ((180000 312500, 190000 312500, 190000 300000, 180000 300000, 180000 312500))"}}, {"model": "bro.mapsheet", "pk": 370, "fields": {"area": 137500000.0, "perimeter": 47000.0, "topo_2561_field": 371, "topo_25611": 442, "bladnaam": "Vaals", "nr": 62, "ltr": "D", "district": "Z", "blad": "62D", "geom": "SRID=28992;POLYGON ((190000 312500, 199000 312500, 200000 312500, 201000 312500, 201000 300000, 199000 300000, 190000 300000, 190000 312500))"}}, {"model": "bro.mapsheet", "pk": 371, "fields": {"area": 125000000.0, "perimeter": 45000.0, "topo_2561_field": 372, "topo_25611": 134, "bladnaam": "Amsterdam", "nr": 25, "ltr": "G", "district": "W", "blad": "25G", "geom": "SRID=28992;POLYGON ((120000 487500, 130000 487500, 130000 475000, 120000 475000, 120000 487500))"}}, {"model": "bro.mapsheet", "pk": 372, "fields": {"area": 125000000.0, "perimeter": 45000.0, "topo_2561_field": 373, "topo_25611": 425, "bladnaam": "Roerdink", "nr": 41, "ltr": "G", "district": "NO", "blad": "41G", "geom": "SRID=28992;POLYGON ((240000 437500, 250000 437500, 250000 425000, 240000 425000, 240000 437500))"}}, {"model": "bro.mapsheet", "pk": 373, "fields": {"area": 125000000.0, "perimeter": 45000.0, "topo_2561_field": 374, "topo_25611": 446, "bladnaam": "Sluis", "nr": 53, "ltr": "F", "district": "Z", "blad": "53F", "geom": "SRID=28992;POLYGON ((10000 375000, 20000 375000, 20000 362500, 10000 362500, 10000 375000))"}}, {"model": "bro.mapsheet", "pk": 374, "fields": {"area": 125000000.0, "perimeter": 45000.0, "topo_2561_field": 375, "topo_25611": 410, "bladnaam": "Rotterdamschehoek", "nr": 15, "ltr": "G", "district": "NO", "blad": "15G", "geom": "SRID=28992;POLYGON ((160000 537500, 170000 537500, 170000 525000, 160000 525000, 160000 537500))"}}, {"model": "bro.mapsheet", "pk": 375, "fields": {"area": 125000000.0, "perimeter": 45000.0, "topo_2561_field": 376, "topo_25611": 411, "bladnaam": "Rutten", "nr": 15, "ltr": "H", "district": "NO", "blad": "15H", "geom": "SRID=28992;POLYGON ((170000 537500, 180000 537500, 180000 525000, 170000 525000, 170000 537500))"}}, {"model": "bro.mapsheet", "pk": 376, "fields": {"area": 125000000.0, "perimeter": 45000.0, "topo_2561_field": 377, "topo_25611": 73, "bladnaam": "Kuinre", "nr": 16, "ltr": "C", "district": "NO", "blad": "16C", "geom": "SRID=28992;POLYGON ((180000 537500, 190000 537500, 190000 525000, 180000 525000, 180000 537500))"}}, {"model": "bro.mapsheet", "pk": 377, "fields": {"area": 125000000.0, "perimeter": 45000.0, "topo_2561_field": 378, "topo_25611": 414, "bladnaam": "Urk", "nr": 20, "ltr": "E", "district": "NO", "blad": "20E", "geom": "SRID=28992;POLYGON ((160000 525000, 170000 525000, 170000 512500, 160000 512500, 160000 525000))"}}, {"model": "bro.mapsheet", "pk": 378, "fields": {"area": 125000000.0, "perimeter": 45000.0, "topo_2561_field": 379, "topo_25611": 415, "bladnaam": "Nagele", "nr": 20, "ltr": "F", "district": "NO", "blad": "20F", "geom": "SRID=28992;POLYGON ((170000 525000, 180000 525000, 180000 512500, 170000 512500, 170000 525000))"}}, {"model": "bro.mapsheet", "pk": 379, "fields": {"area": 125000000.0, "perimeter": 45000.0, "topo_2561_field": 380, "topo_25611": 89, "bladnaam": "Ens", "nr": 21, "ltr": "A", "district": "NO", "blad": "21A", "geom": "SRID=28992;POLYGON ((180000 525000, 190000 525000, 190000 512500, 180000 512500, 180000 525000))"}}, {"model": "bro.codespace", "pk": 1, "fields": {"codeSpace": "QualityRegime", "description": "QualityRegime", "default_code": 2}}, {"model": "bro.codespace", "pk": 2, "fields": {"codeSpace": "TubePackingMaterial", "description": "TubePackingMaterial", "default_code": 4}}, {"model": "bro.codespace", "pk": 3, "fields": {"codeSpace": "WellHeadProtector", "description": "WellHeadProtector", "default_code": 16}}, {"model": "bro.codespace", "pk": 4, "fields": {"codeSpace": "TubeMaterial", "description": "TubeMaterial", "default_code": 28}}, {"model": "bro.codespace", "pk": 5, "fields": {"codeSpace": "TubeStatus", "description": "TubeStatus", "default_code": 41}}, {"model": "bro.codespace", "pk": 6, "fields": {"codeSpace": "TubeType", "description": "TubeType", "default_code": 43}}, {"model": "bro.codespace", "pk": 7, "fields": {"codeSpace": "InitialFunction", "description": "InitialFunction", "default_code": 48}}, {"model": "bro.codespace", "pk": 8, "fields": {"codeSpace": "DeliveryContext", "description": "DeliveryContext", "default_code": 50}}, {"model": "bro.codespace", "pk": 9, "fields": {"codeSpace": "SockMaterial", "description": "SockMaterial", "default_code": 60}}, {"model": "bro.codespace", "pk": 10, "fields": {"codeSpace": "ConstructionStandard", "description": "ConstructionStandard", "default_code": 71}}, {"model": "bro.codespace", "pk": 11, "fields": {"codeSpace": "HorizontalPositioningMethod", "description": "HorizontalPositioningMethod", "default_code": 84}}, {"model": "bro.codespace", "pk": 12, "fields": {"codeSpace": "TubeTopPositioningMethod", "description": "TubeTopPositioningMethod", "default_code": 100}}, {"model": "bro.codespace", "pk": 13, "fields": {"codeSpace": "GroundLevelPositioningMethod", "description": "GroundLevelPositioningMethod", "default_code": 115}}, {"model": "bro.codespace", "pk": 14, "fields": {"codeSpace": "WellStability", "description": "WellStability", "default_code": 118}}, {"model": "bro.codespace", "pk": 15, "fields": {"codeSpace": "IndicationYesNoEnumeration", "description": null, "default_code": null}}, {"model": "bro.codespace", "pk": 16, "fields": {"codeSpace": "IndicationYesNoUnknownEnumeration", "description": null, "default_code": 9}}, {"model": "bro.code", "pk": 1, "fields": {"codeSpace": 1, "code": "IMBRO"}}, {"model": "bro.code", "pk": 2, "fields": {"codeSpace": 1, "code": "IMBRO/A"}}, {"model": "bro.code", "pk": 3, "fields": {"codeSpace": 2, "code": "bentoniet"}}, {"model": "bro.code", "pk": 4, "fields": {"codeSpace": 2, "code": "bentonietFiltergrind"}}, {"model": "bro.code", "pk": 5, "fields": {"codeSpace": 2, "code": "boorgatmateriaal"}}, {"model": "bro.code", "pk": 6, "fields": {"codeSpace": 2, "code": "filtergrind"}}, {"model": "bro.code", "pk": 7, "fields": {"codeSpace": 2, "code": "grind"}}, {"model": "bro.code", "pk": 8, "fields": {"codeSpace": 2, "code": "grout"}}, {"model": "bro.code", "pk": 9, "fields": {"codeSpace": 2, "code": "onbekend"}}, {"model": "bro.code", "pk": 10, "fields": {"codeSpace": 3, "code": "geen"}}, {"model": "bro.code", "pk": 11, "fields": {"codeSpace": 3, "code": "kokerMetaal"}}, {"model": "bro.code", "pk": 12, "fields": {"codeSpace": 3, "code": "kokerNietMetaal"}}, {"model": "bro.code", "pk": 13, "fields": {"codeSpace": 3, "code": "potNietWaterdicht"}}, {"model": "bro.code", "pk": 14, "fields": {"codeSpace": 3, "code": "potWaterdicht"}}, {"model": "bro.code", "pk": 15, "fields": {"codeSpace": 3, "code": "koker"}}, {"model": "bro.code", "pk": 16, "fields": {"codeSpace": 3, "code": "onbekend"}}, {"model": "bro.code", "pk": 17, "fields": {"codeSpace": 3, "code": "pot"}}, {"model": "bro.code", "pk": 18, "fields": {"codeSpace": 4, "code": "beton"}}, {"model": "bro.code", "pk": 19, "fields": {"codeSpace": 4, "code": "gres"}}, {"model": "bro.code", "pk": 20, "fields": {"codeSpace": 4, "code": "hout"}}, {"model": "bro.code", "pk": 21, "fields": {"codeSpace": 4, "code": "ijzer"}}, {"model": "bro.code", "pk": 22, "fields": {"codeSpace": 4, "code": "koper"}}, {"model": "bro.code", "pk": 23, "fields": {"codeSpace": 4, "code": "messing"}}, {"model": "bro.code", "pk": 24, "fields": {"codeSpace": 4, "code": "pe"}}, {"model": "bro.code", "pk": 25, "fields": {"codeSpace": 4, "code": "peHighDensity"}}, {"model": "bro.code", "pk": 26, "fields": {"codeSpace": 4, "code": "peLowDensity"}}, {"model": "bro.code", "pk": 27, "fields": {"codeSpace": 4, "code": "pePvc"}}, {"model": "bro.code", "pk": 28, "fields": {"codeSpace": 4, "code": "pvc"}}, {"model": "bro.code", "pk": 29, "fields": {"codeSpace": 4, "code": "staal"}}, {"model": "bro.code", "pk": 30, "fields": {"codeSpace": 4, "code": "staalGegalvaniseerd"}}, {"model": "bro.code", "pk": 31, "fields": {"codeSpace": 4, "code": "staalRoestvrij"}}, {"model": "bro.code", "pk": 32, "fields": {"codeSpace": 4, "code": "teflon"}}, {"model": "bro.code", "pk": 33, "fields": {"codeSpace": 4, "code": "asbest"}}, {"model": "bro.code", "pk": 34, "fields": {"codeSpace": 4, "code": "houtStaal"}}, {"model": "bro.code", "pk": 35, "fields": {"codeSpace": 4, "code": "koperStaal"}}, {"model": "bro.code", "pk": 36, "fields": {"codeSpace": 4, "code": "onbekend"}}, {"model": "bro.code", "pk": 37, "fields": {"codeSpace": 4, "code": "pvcStaal"}}, {"model": "bro.code", "pk": 38, "fields": {"codeSpace": 5, "code": "onbruikbaar"}}, {"model": "bro.code", "pk": 39, "fields": {"codeSpace": 5, "code": "gebruiksklaar"}}, {"model": "bro.code", "pk": 40, "fields": {"codeSpace": 5, "code": "nietGebruiksklaar"}}, {"model": "bro.code", "pk": 41, "fields": {"codeSpace": 5, "code": "onbekend"}}, {"model": "bro.code", "pk": 42, "fields": {"codeSpace": 6, "code": "minifilter"}}, {"model": "bro.code", "pk": 43, "fields": {"codeSpace": 6, "code": "standaardbuis"}}, {"model": "bro.code", "pk": 44, "fields": {"codeSpace": 6, "code": "volledigFilter"}}, {"model": "bro.code", "pk": 45, "fields": {"codeSpace": 7, "code": "brandput"}}, {"model": "bro.code", "pk": 46, "fields": {"codeSpace": 7, "code": "kwaliteit"}}, {"model": "bro.code", "pk": 47, "fields": {"codeSpace": 7, "code": "kwaliteitStand"}}, {"model": "bro.code", "pk": 48, "fields": {"codeSpace": 7, "code": "stand"}}, {"model": "bro.code", "pk": 49, "fields": {"codeSpace": 7, "code": "onttrekking "}}, {"model": "bro.code", "pk": 50, "fields": {"codeSpace": 8, "code": "publiekeTaak"}}, {"model": "bro.code", "pk": 51, "fields": {"codeSpace": 8, "code": "GBM"}}, {"model": "bro.code", "pk": 52, "fields": {"codeSpace": 8, "code": "KRW"}}, {"model": "bro.code", "pk": 53, "fields": {"codeSpace": 8, "code": "NBW"}}, {"model": "bro.code", "pk": 54, "fields": {"codeSpace": 8, "code": "NR"}}, {"model": "bro.code", "pk": 55, "fields": {"codeSpace": 8, "code": "OGW"}}, {"model": "bro.code", "pk": 56, "fields": {"codeSpace": 8, "code": "OW"}}, {"model": "bro.code", "pk": 57, "fields": {"codeSpace": 8, "code": "WW"}}, {"model": "bro.code", "pk": 58, "fields": {"codeSpace": 8, "code": "archiefoverdracht"}}, {"model": "bro.code", "pk": 59, "fields": {"codeSpace": 9, "code": "geen"}}, {"model": "bro.code", "pk": 60, "fields": {"codeSpace": 9, "code": "nylon"}}, {"model": "bro.code", "pk": 61, "fields": {"codeSpace": 9, "code": "pp"}}, {"model": "bro.code", "pk": 62, "fields": {"codeSpace": 9, "code": "onbekend"}}, {"model": "bro.code", "pk": 63, "fields": {"codeSpace": 10, "code": "IBR"}}, {"model": "bro.code", "pk": 64, "fields": {"codeSpace": 10, "code": "NEN5104"}}, {"model": "bro.code", "pk": 65, "fields": {"codeSpace": 10, "code": "NEN5744"}}, {"model": "bro.code", "pk": 66, "fields": {"codeSpace": 10, "code": "NEN5766"}}, {"model": "bro.code", "pk": 67, "fields": {"codeSpace": 10, "code": "RWSgwmon"}}, {"model": "bro.code", "pk": 68, "fields": {"codeSpace": 10, "code": "BWsb"}}, {"model": "bro.code", "pk": 69, "fields": {"codeSpace": 10, "code": "VKB2001"}}, {"model": "bro.code", "pk": 70, "fields": {"codeSpace": 10, "code": "STOWAgwst"}}, {"model": "bro.code", "pk": 71, "fields": {"codeSpace": 10, "code": "geen"}}, {"model": "bro.code", "pk": 72, "fields": {"codeSpace": 10, "code": "onbekend"}}, {"model": "bro.code", "pk": 73, "fields": {"codeSpace": 11, "code": "DGPS50tot200cm"}}, {"model": "bro.code", "pk": 74, "fields": {"codeSpace": 11, "code": "GPS200tot1000cm"}}, {"model": "bro.code", "pk": 75, "fields": {"codeSpace": 11, "code": "RTKGPS0tot2cm"}}, {"model": "bro.code", "pk": 76, "fields": {"codeSpace": 11, "code": "RTKGPS2tot5cm"}}, {"model": "bro.code", "pk": 77, "fields": {"codeSpace": 11, "code": "RTKGPS5tot10cm"}}, {"model": "bro.code", "pk": 78, "fields": {"codeSpace": 11, "code": "RTKGPS10tot50cm"}}, {"model": "bro.code", "pk": 79, "fields": {"codeSpace": 11, "code": "tachymetrie0tot10cm"}}, {"model": "bro.code", "pk": 80, "fields": {"codeSpace": 11, "code": "tachymetrie10tot50cm"}}, {"model": "bro.code", "pk": 81, "fields": {"codeSpace": 11, "code": "GBKNOnbekend"}}, {"model": "bro.code", "pk": 82, "fields": {"codeSpace": 11, "code": "GPSOnbekend"}}, {"model": "bro.code", "pk": 83, "fields": {"codeSpace": 11, "code": "kaartOnbekend"}}, {"model": "bro.code", "pk": 84, "fields": {"codeSpace": 11, "code": "onbekend"}}, {"model": "bro.code", "pk": 85, "fields": {"codeSpace": 12, "code": "afgeleidSbl"}}, {"model": "bro.code", "pk": 86, "fields": {"codeSpace": 12, "code": "AHN2"}}, {"model": "bro.code", "pk": 87, "fields": {"codeSpace": 12, "code": "AHN3"}}, {"model": "bro.code", "pk": 88, "fields": {"codeSpace": 12, "code": "RTKGPS0tot4cm"}}, {"model": "bro.code", "pk": 89, "fields": {"codeSpace": 12, "code": "RTKGPS4tot10cm"}}, {"model": "bro.code", "pk": 90, "fields": {"codeSpace": 12, "code": "RTKGPS10tot20cm"}}, {"model": "bro.code", "pk": 91, "fields": {"codeSpace": 12, "code": "RTKGPS20tot100cm"}}, {"model": "bro.code", "pk": 92, "fields": {"codeSpace": 12, "code": "tachymetrie0tot10cm"}}, {"model": "bro.code", "pk": 93, "fields": {"codeSpace": 12, "code": "tachymetrie10tot50cm"}}, {"model": "bro.code", "pk": 94, "fields": {"codeSpace": 12, "code": "waterpassing0tot2cm"}}, {"model": "bro.code", "pk": 95, "fields": {"codeSpace": 12, "code": "waterpassing2tot4cm"}}, {"model": "bro.code", "pk": 96, "fields": {"codeSpace": 12, "code": "waterpassing4tot10cm"}}, {"model": "bro.code", "pk": 97, "fields": {"codeSpace": 12, "code": "AHN1"}}, {"model": "bro.code", "pk": 98, "fields": {"codeSpace": 12, "code": "GPSOnbekend"}}, {"model": "bro.code", "pk": 99, "fields": {"codeSpace": 12, "code": "kaartOnbekend"}}, {"model": "bro.code", "pk": 100, "fields": {"codeSpace": 12, "code": "onbekend"}}, {"model": "bro.code", "pk": 101, "fields": {"codeSpace": 13, "code": "AHN2"}}, {"model": "bro.code", "pk": 102, "fields": {"codeSpace": 13, "code": "AHN3"}}, {"model": "bro.code", "pk": 103, "fields": {"codeSpace": 13, "code": "RTKGPS0tot4cm"}}, {"model": "bro.code", "pk": 104, "fields": {"codeSpace": 13, "code": "RTKGPS4tot10cm"}}, {"model": "bro.code", "pk": 105, "fields": {"codeSpace": 13, "code": "RTKGPS10tot20cm"}}, {"model": "bro.code", "pk": 106, "fields": {"codeSpace": 13, "code": "RTKGPS20tot100cm"}}, {"model": "bro.code", "pk": 107, "fields": {"codeSpace": 13, "code": "tachymetrie0tot10cm"}}, {"model": "bro.code", "pk": 108, "fields": {"codeSpace": 13, "code": "tachymetrie10tot50cm"}}, {"model": "bro.code", "pk": 109, "fields": {"codeSpace": 13, "code": "waterpassing0tot2cm"}}, {"model": "bro.code", "pk": 110, "fields": {"codeSpace": 13, "code": "waterpassing2tot4cm"}}, {"model": "bro.code", "pk": 111, "fields": {"codeSpace": 13, "code": "waterpassing4tot10cm"}}, {"model": "bro.code", "pk": 112, "fields": {"codeSpace": 13, "code": "AHN1"}}, {"model": "bro.code", "pk": 113, "fields": {"codeSpace": 13, "code": "geen"}}, {"model": "bro.code", "pk": 114, "fields": {"codeSpace": 13, "code": "GPSOnbekend"}}, {"model": "bro.code", "pk": 115, "fields": {"codeSpace": 13, "code": "onbekend"}}, {"model": "bro.code", "pk": 116, "fields": {"codeSpace": 14, "code": "instabiel"}}, {"model": "bro.code", "pk": 117, "fields": {"codeSpace": 14, "code": "stabielNAP"}}, {"model": "bro.code", "pk": 118, "fields": {"codeSpace": 14, "code": "onbekend"}}, {"model": "bro.code", "pk": 119, "fields": {"codeSpace": 15, "code": "ja"}}, {"model": "bro.code", "pk": 120, "fields": {"codeSpace": 15, "code": "nee"}}, {"model": "bro.code", "pk": 121, "fields": {"codeSpace": 16, "code": "ja"}}, {"model": "bro.code", "pk": 122, "fields": {"codeSpace": 16, "code": "nee"}}, {"model": "bro.code", "pk": 123, "fields": {"codeSpace": 16, "code": "onbekend"}}, {"model": "bro.groundwatermonitoringwell", "pk": 1, "fields": {"well": 1, "objectIdAccountableParty": "", "deliveryContext": "publiekeTaak", "constructionStandard": "onbekend", "initialFunction": "stand", "numberOfMonitoringTubes": 1, "groundLevelStable": "onbekend", "wellStability": "onbekend", "nitgCode": null, "mapSheetCode": "38C", "owner": "12345678", "maintenanceResponsibleParty": null, "wellHeadProtector": "onbekend", "wellConstructionDate": "2013-04-06", "location": "SRID=4326;POINT (102934.4490733039 429337.3414256953)", "horizontalPositioningMethod": "RTKGPS2tot5cm", "groundLevelPosition": 0.075, "groundLevelPositioningMethod": "onbekend"}}, {"model": "bro.monitoringtube", "pk": 1, "fields": {"screen": 1, "tubeNumber": 1, "tubeType": "standaardbuis", "artesianWellCapPresent": "onbekend", "sedimentSumpPresent": "onbekend", "numberOfGeoOhmCables": 0, "tubeTopDiameter": 63.0, "variableDiameter": false, "tubeStatus": "gebruiksklaar", "tubeTopPosition": -0.068, "tubeTopPositioningMethod": "onbekend", "tubePackingMaterial": "onbekend", "tubeMaterial": "pvc", "screenLength": -1.0, "sockMaterial": "onbekend", "plainTubePartLength": 1.012, "sedimentSump": -0.145}}, {"model": "bro.registrationrequest", "pk": 1, "fields": {"requestReference": "Testverzoek voor put 003", "deliveryAccountableParty": "12345678", "qualityRegime": "IMBRO/A", "underPrivilege": "onbekend", "gmw": 1}}]